Index,Disease Name,Description,Possible Steps
0,Lá: Táo </br> Bệnh: Bệnh nấm trên cây táo,"Mô tả: Vòng đời của bệnh rỉ sét tuyết tùng bao gồm hai vật chủ: cây táo và cây tuyết tùng hoặc cây juniper. Bệnh lây lan qua các bào tử sinh ra trên cây tuyết tùng hoặc juniper trong điều kiện ẩm ướt. Những bào tử này được gió mang đến các cây táo gần đó, nơi chúng có thể gây nhiễm cho lá, quả và cành. Cây táo bị nhiễm sẽ phát triển các đốm hoặc tổn thương nhô lên trên lá, sau đó chuyển thành các cấu trúc màu cam đặc trưng tạo bào tử. Các cấu trúc này phát tán bào tử có thể gây bệnh trở lại cho cây tuyết tùng hoặc juniper, hoàn thành chu trình bệnh.","<b>Gợi ý:</b> Quản lý và điều trị bệnh bao gồm kết hợp các biện pháp canh tác, kiểm soát hóa học (thuốc diệt nấm) và phòng ngừa. Sau đây là các bước phổ biến để kiểm soát và điều trị bệnh: </br></br> <i><b>Bước 1. Tỉa cành:</b></i> Tỉa cây táo đúng cách giúp lưu thông ánh sáng và thông tin qua tán lá, giảm độ ẩm và ngăn điều kiện thuận lợi cho nấm phát triển. </br></br> <i><b>Bước 2. Làm sạch:</b></i> Thường xuyên loại bỏ và tiêu hủy lá rụng, quả rụng và tàn dư cây trồng bị nhiễm bệnh để giảm nguồn bào tử nấm. </br></br> <i><b>Bước 3. Chọn vị trí trồng:</b></i> Chọn nơi trồng có thoát nước tốt và nhiều ánh sáng để giảm điều kiện thuận lợi cho nấm phát triển. </br></br> <i><b>Bước 4. Quản lý nước tưới:</b></i> Tránh tưới từ trên cao vì có thể tạo độ ẩm trên lá, tạo điều kiện cho nấm phát triển. </br></br> <i><b>Bước 5. Thuốc diệt nấm:</b></i> Thuốc diệt nấm được sử dụng để ngăn ngừa hoặc điều trị tùy vào loại bệnh và thời điểm áp dụng. Nên chọn loại thuốc phù hợp với loại bệnh trên cây táo. </br></br> <i><b>Bước 6. Kiểm soát sinh học:</b></i> Một số vi sinh vật và nấm có ích có thể giúp ngăn chặn nấm gây bệnh. Có thể phun lên cây hoặc đất để giảm tỷ lệ mắc bệnh. </br></br> <i><b>Bước 7. Giống kháng bệnh:</b></i> Chọn giống cây có khả năng kháng hoặc chịu bệnh tốt. Những giống này có thể giảm nguy cơ bệnh mà không ảnh hưởng nghiêm trọng đến năng suất. </br></br> <i><b>Bước 8. Thời điểm và giám sát:</b></i> Áp dụng thuốc và các biện pháp khác dựa trên thời tiết và tình hình bệnh. Phát hiện sớm và xử lý kịp thời là yếu tố then chốt."
1,Lá: Táo </br> Bệnh: Thối đen (Black Rot),"Mô tả: Triệu chứng trên lá xuất hiện vào đầu mùa xuân khi lá mới bắt đầu mở ra. Chúng bắt đầu dưới dạng các đốm tím nhỏ ở mặt trên của lá, sau đó phát triển thành các vết tròn đường kính khoảng 3-6 mm. Viền ngoài của vết bệnh vẫn màu tím, trong khi phần trung tâm chuyển sang màu nâu vàng. Trong vài tuần, các vết đốm này lan rộng hơn. Lá bị nhiễm nặng trở nên vàng úa và rụng. Trên quả, vùng bị thối sẽ xuất hiện các vòng tròn đồng tâm xen kẽ màu đen và nâu. Thịt quả bị thối vẫn cứng và dai. Trên bề mặt quả bị bệnh thường thấy các chấm đen (pycnidia) – nơi chứa bào tử nấm.","<b>Gợi ý:</b> Quản lý bệnh là sự kết hợp giữa biện pháp canh tác, kiểm soát hóa học và phòng ngừa. Dưới đây là một số phương pháp: </br></br> <i><b>Tỉa cành:</b></i> Cắt bỏ các u sùi bằng cách tỉa ít nhất 38 cm phía dưới vị trí bị bệnh, sau đó đốt hoặc chôn. Áp dụng biện pháp tương tự cho cành tỉa mới trong mùa. Nên thực hiện tỉa cành vào mùa ngủ đông để giảm nguy cơ nhiễm bệnh. Nếu vỏ cây bị tổn thương do mưa đá hoặc gió làm gãy cành, cần có biện pháp bảo vệ. Dùng thuốc diệt nấm gốc đồng sẽ giúp phòng bệnh thối đen và bệnh cháy lá."
2,Lá: Táo </br> Bệnh: Rỉ sét tuyết tùng,"Mô tả: Rỉ sét tuyết tùng, còn gọi là rỉ sét táo – tuyết tùng, là một bệnh nấm ảnh hưởng đến cây táo (Malus spp.) và cây tuyết tùng hoặc cây juniper (Juniperus spp.). Bệnh do nấm Gymnosporangium juniperi-virginianae gây ra. Bệnh có các cấu trúc màu cam rỉ sét đặc trưng sinh bào tử trên lá, quả và đôi khi trên cành cây táo. Vòng đời bệnh cần hai vật chủ: cây táo và cây tuyết tùng hoặc juniper. Bào tử hình thành trên cây tuyết tùng trong điều kiện ẩm ướt, được gió mang đến cây táo để gây bệnh. Trên cây táo, bệnh tạo ra các đốm nhô lên rồi chuyển thành cấu trúc màu cam sinh bào tử, và tiếp tục quay lại lây nhiễm cho cây tuyết tùng, hoàn tất vòng đời.","<b>Gợi ý:</b> Tỉa và loại bỏ cành, lá hoặc quả bị nhiễm bệnh. Hủy bỏ tàn dư cây bệnh khỏi vườn. Nếu có cây tuyết tùng hoặc juniper gần đó, kiểm tra và loại bỏ phần phồng bất thường vào mùa đông. </br></br> <i><b>Bước 1. Chọn giống kháng bệnh:</b></i> Khi trồng cây táo mới, hãy chọn giống ít bị rỉ sét. Tham khảo chuyên gia địa phương hoặc vườn ươm. </br></br> <i><b>Bước 2. Phun thuốc nấm:</b></i> Sử dụng thuốc nấm vào mùa xuân khi cây tuyết tùng bắt đầu phát bào tử. Dùng thuốc gốc đồng theo hướng dẫn của nhà sản xuất. </br></br> <i><b>Bước 3. Tạo khoảng cách và thông thoáng:</b></i> Trồng cây cách nhau để gió và ánh sáng tiếp cận, giảm độ ẩm. Tỉa cây để tán cây thoáng. </br></br> <i><b>Bước 4. Loại bỏ cây tuyết tùng gần đó:</b></i> Nếu có thể, hãy loại bỏ cây tuyết tùng hoặc juniper gần vườn. </br></br> <i><b>Bước 5. Phủ gốc và tưới nước đúng cách:</b></i> Phủ lớp mùn hữu cơ để giữ ẩm và ngăn nước văng từ đất lên lá. Tưới dưới gốc, tránh làm ướt lá. </br></br> <i><b>Bước 6. Theo dõi thường xuyên:</b></i> Giám sát xuyên suốt mùa sinh trưởng để phát hiện sớm dấu hiệu bệnh và xử lý kịp thời."
3,Lá: Táo </br> Tình trạng: Khỏe mạnh,"Mô tả: Giống như hầu hết cây ăn quả, cây táo phát triển tốt nhất dưới ánh nắng đầy đủ (tối thiểu 6 tiếng mỗi ngày). Vị trí trồng lý tưởng là phía Bắc của nhà hoặc hàng cây, nơi tránh được ánh nắng gay gắt phía Nam. Đất cần thoát nước tốt nhưng vẫn giữ được độ ẩm nhất định.","<b>Gợi ý:</b> Để chăm sóc cây táo khỏe mạnh, hãy áp dụng các bước cơ bản sau: </br></br> <i><b>Bước 1. Chọn vị trí trồng phù hợp:</b></i> Đảm bảo đủ nắng và đất thoát nước tốt, tránh nơi quá râm. </br></br> <i><b>Bước 2. Chuẩn bị đất:</b></i> Trộn phân hữu cơ và khoáng để tăng dinh dưỡng, đảm bảo đất tơi xốp. </br></br> <i><b>Bước 3. Chọn giống phù hợp:</b></i> Chọn giống phù hợp khí hậu và khoảng cách trồng hợp lý. </br></br> <i><b>Bước 4. Tưới nước đều:</b></i> Cần tưới thường xuyên, đặc biệt lúc cây còn non. </br></br> <i><b>Bước 5. Bón phân:</b></i> Sử dụng phân hữu cơ hoặc phân chuyên dụng cho táo vào mùa xuân và thu. </br></br> <i><b>Bước 6. Tỉa cành:</b></i> Loại bỏ cành yếu, khô để cây phát triển mạnh hơn. </br></br> <i><b>Bước 7. Kiểm tra sâu bệnh:</b></i> Theo dõi thường xuyên và xử lý bằng biện pháp hữu cơ hoặc hóa học khi cần. </br></br> <i><b>Bước 8. Tỉa hoa và quả:</b></i> Nếu cây ra quá nhiều, nên tỉa bớt để quả to và ngon hơn. </br></br> <i><b>Bước 9. Bảo vệ:</b></i> Dùng lưới hoặc màn che để ngăn côn trùng và sâu hại. </br></br>"
4,Nền ảnh không có lá,Mô tả: Không có lá trong hình ảnh được cung cấp.,<b>Gợi ý:</b> Vui lòng tải lại hình ảnh có chứa lá cây.
5,Lá: Việt quất </br> Tình trạng: Khỏe mạnh,"Mô tả: Việt quất chứa ít calo nhưng giàu dưỡng chất. Là loại quả giàu chất chống oxy hóa, giúp bảo vệ DNA, làm chậm quá trình lão hóa và giảm nguy cơ ung thư. Ngoài ra, việt quất còn giúp bảo vệ cholesterol trong máu và có thể làm giảm huyết áp.","<b>Gợi ý:</b> Kết hợp phương pháp canh tác, hóa học và phòng bệnh để duy trì cây khỏe mạnh. </br></br> <i><b>Tỉa cành:</b></i> Phủ gốc bằng lớp mùn chua như than bùn, lá thông hoặc mùn cưa già để giữ ẩm và ổn định nước. Tưới cây vào ban ngày. Đảm bảo đất ẩm nhưng không bị úng. Việt quất có bộ rễ nông nên cần đất giữ ẩm tốt nhưng phải thoát nước. Không trồng trên đất sét nặng dễ ngập úng."
6,Lá: Anh đào </br> Bệnh: Bệnh phấn trắng,"Bệnh phấn trắng trên cây anh đào là một bệnh nấm do nhiều loài nấm thuộc chi Podosphaera gây ra. Bệnh đặc trưng bởi sự xuất hiện của các mảng phấn trắng trên lá, chồi, hoa và đôi khi cả quả của cây chủ. Lớp phấn trắng này là tập hợp của sợi nấm (mycelium) và bào tử. Triệu chứng của bệnh phấn trắng trên cây anh đào bao gồm: Lớp phủ trắng dạng bột: Dấu hiệu dễ nhận biết nhất là sự xuất hiện của lớp phấn trắng mịn trên bề mặt lá, chồi non, hoa và đôi khi cả quả. Lớp này là do hệ sợi nấm và bào tử hình thành. Giảm khả năng quang hợp: Sự phát triển của nấm phấn trắng có thể cản trở quá trình quang hợp, làm suy giảm sức sống của cây. Rụng lá sớm: Nhiễm bệnh nặng có thể khiến cây rụng lá sớm, ảnh hưởng đến sức khỏe tổng thể. Bệnh phấn trắng trên cây anh đào phát triển mạnh trong điều kiện độ ẩm cao và nhiệt độ ôn hòa. Bào tử nấm lây lan qua không khí và có thể bị gió cuốn đến các bộ phận khác của cây hoặc các cây lân cận. Bệnh thường phổ biến hơn trong các vườn có mật độ trồng dày hoặc thông khí kém.","<b>Gợi ý:</b> Việc điều trị bệnh phấn trắng trên cây anh đào bao gồm sự kết hợp giữa các biện pháp chăm sóc và sử dụng thuốc diệt nấm. Dưới đây là một số phương pháp bạn có thể áp dụng để quản lý và điều trị bệnh phấn trắng trên cây anh đào:</br></br> <i><b>Bước 1. Tỉa cành:</b></i> Tỉa cây anh đào sao cho tăng cường lưu thông không khí và ánh sáng xuyên qua tán lá. Điều này giúp giảm độ ẩm và tạo điều kiện môi trường ít thuận lợi hơn cho sự phát triển của nấm phấn trắng.</br></br> <i><b>Bước 2. Mật độ trồng:</b></i> Trồng cây anh đào với mật độ hợp lý để đảm bảo luồng không khí tốt giữa các cây, giảm thiểu khoảng cách lây lan của bệnh.</br></br> <i><b>Bước 3. Thuốc diệt nấm:</b></i> Thuốc diệt nấm là công cụ hiệu quả để kiểm soát bệnh phấn trắng. Có nhiều loại thuốc diệt nấm khác nhau, cả tổng hợp lẫn hữu cơ. Áp dụng thuốc theo lịch trình được khuyến cáo, bắt đầu từ đầu mùa sinh trưởng và tiếp tục khi cần thiết dựa trên áp lực bệnh và điều kiện thời tiết.</br></br> <i><b>Bước 4. Giống kháng bệnh:</b></i> Cân nhắc trồng các giống anh đào đã được biết đến là có khả năng kháng hoặc chịu đựng bệnh phấn trắng. Những giống này ít có khả năng bị bệnh nghiêm trọng và có thể giảm nhu cầu sử dụng thuốc diệt nấm.</br></br> <i><b>Bước 5. Biện pháp hữu cơ:</b></i> Nếu bạn ưa thích phương pháp hữu cơ hoặc thân thiện với môi trường, hãy sử dụng các sản phẩm có gốc lưu huỳnh, dầu neem hoặc các loại thuốc trừ sâu hữu cơ đã được phê duyệt. Những biện pháp này có thể giúp kiểm soát bệnh phấn trắng ở mức độ nhất định.</br></br> <i><b>Bước 6. Giám sát:</b></i> Kiểm tra thường xuyên cây anh đào để phát hiện dấu hiệu sớm của bệnh phấn trắng. Phát hiện sớm giúp ứng phó kịp thời và kiểm soát sự lây lan.</br></br> <i><b>Bước 7. Cải thiện điều kiện sinh trưởng:</b></i> Đảm bảo cây anh đào được nhận đủ ánh sáng mặt trời và trồng trên đất thoát nước tốt. Chăm sóc và bổ sung dinh dưỡng đúng cách giúp tăng cường sức khỏe tổng thể, từ đó tăng khả năng kháng bệnh của cây.</br></br> Những bước này mang lại phương pháp tiếp cận toàn diện để kiểm soát bệnh phấn trắng và duy trì cây anh đào khỏe mạnh."
7,Lá: Anh Đào </br> Tình trạng: Khỏe mạnh,"Không có sự khác biệt trong cách chăm sóc giữa anh đào chua và anh đào ngọt. Hướng dẫn chăm sóc: Phủ lớp mùn quanh gốc cây để giữ ẩm cho đất. Dùng lưới phủ lên cây để bảo vệ quả khỏi chim. Tưới nước thường xuyên, đặc biệt ở những khu vực khô hạn. Không cần tỉa thưa quả đối với cây anh đào, vì chúng thường tự rụng bớt quả vào đầu mùa hè.","<b>Gợi ý:</b> Để chăm sóc cây anh đào khỏe mạnh và đảm bảo chúng được cung cấp đầy đủ dinh dưỡng, bạn có thể thực hiện các bước sau:</br></br> <i><b>Bước 1. Chọn vị trí thích hợp:</b></i> Đảm bảo cây anh đào được trồng ở nơi có ánh sáng tự nhiên, lưu thông gió tốt và đất thoát nước tốt.</br></br> <i><b>Bước 2. Chăm sóc đất:</b></i> Kiểm tra độ pH của đất và điều chỉnh nếu cần để đảm bảo pH khoảng 6–7. Sử dụng phân bón hữu cơ để bổ sung chất hữu cơ và vi lượng cần thiết cho cây.</br></br> <i><b>Bước 3. Tưới nước đúng cách:</b></i> Cung cấp nước đều đặn, tránh tưới quá nhiều khiến gốc cây bị úng.</br></br> <i><b>Bước 4. Bón phân:</b></i> Sử dụng phân bón chứa kali và phốt pho chủ yếu để tạo điều kiện thuận lợi cho cây phát triển.</br></br> <i><b>Bước 5. Tỉa cây:</b></i> Tỉa cây thường xuyên để loại bỏ các cành yếu, hư hại hoặc mọc vào bên trong cây.</br></br> <i><b>Bước 6. Phòng ngừa sâu bệnh:</b></i> Theo dõi và kiểm tra cây thường xuyên để phát hiện sớm dấu hiệu sâu bệnh và xử lý bằng các biện pháp hiệu quả.</br></br> <i><b>Bước 7. Bảo vệ khỏi nóng và lạnh:</b></i> Bảo vệ cây khỏi nắng gắt vào mùa hè và rét đột ngột vào mùa đông bằng cách sử dụng vật liệu che phủ.</br></br> <i><b>Bước 8. Thu hoạch đúng thời điểm:</b></i> Khi trái anh đào chín, thu hoạch đúng lúc để đảm bảo hương vị và chất lượng tốt nhất.</br></br> <i><b>Bước 9. Giám sát sự phát triển của cây:</b></i> Theo dõi sự phát triển và thực hiện các biện pháp bảo vệ cần thiết để đảm bảo sức đề kháng và sức sống của cây.</br></br> <i><b>Bước 10. Tạo điều kiện sinh trưởng tốt:</b></i> Đảm bảo cây có đủ không gian và ánh sáng để phát triển khỏe mạnh và cho nhiều trái ngon.</br></br> Những bước này cung cấp hướng dẫn toàn diện để chăm sóc cây anh đào và đảm bảo thu hoạch chất lượng, hiệu quả."
8,Lá: Ngô </br> Bệnh: Đốm Lá Ngô Xám,"Đốm lá ngô là một nhóm các bệnh nấm gây hại trên cây ngô (Zea mays). Bệnh được nhận biết qua sự xuất hiện của các vết hoại tử, tổn thương hoặc thay đổi màu sắc trên lá. Các dạng tổn thương này có thể khác nhau về mức độ nghiêm trọng, làm giảm quá trình quang hợp, giảm năng suất và ảnh hưởng đến sức khỏe tổng thể của cây nếu không được quản lý hiệu quả. Một số bệnh phổ biến bao gồm: Bệnh đốm lá xám (Cercospora zeae-maydis): Gây ra bởi nấm Cercospora zeae-maydis. Triệu chứng là các đốm hình chữ nhật nhỏ, màu xám, viền vàng xuất hiện trên lá. Các đốm này có thể liên kết lại, tạo thành vùng tổn thương lớn hơn. Bệnh thường phát triển mạnh trong điều kiện ấm và ẩm. Bệnh rỉ sắt thông thường (Puccinia sorghi): Là bệnh do nấm Puccinia sorghi gây ra. Biểu hiện là các mụn rỉ màu nâu đỏ nổi lên trên bề mặt lá, thường xuất hiện cả mặt trên và mặt dưới. Dù không nghiêm trọng bằng một số bệnh khác, nếu nhiễm nặng, bệnh vẫn có thể làm giảm quang hợp và năng suất.","<b>Gợi ý:</b> Việc điều trị các bệnh đốm lá trên ngô bao gồm sự kết hợp giữa các biện pháp canh tác, sử dụng giống kháng bệnh và, khi cần thiết, phun thuốc diệt nấm. Dưới đây là một số phương pháp bạn có thể áp dụng để quản lý và điều trị bệnh đốm lá ngô:</br></br> <i><b>Bước 1. Biện pháp canh tác:</b></i> Luân canh cây trồng: Luân canh ngô với các cây trồng không phải ký chủ để phá vỡ chu kỳ bệnh và giảm tích tụ mầm bệnh trong đất.</br></br> <i><b>Bước 2. Mật độ trồng hợp lý:</b></i> Trồng ngô với khoảng cách khuyến cáo để tạo điều kiện lưu thông không khí tốt và giảm độ ẩm bên trong tán cây.</br></br> <i><b>Bước 3. Gieo trồng đúng thời điểm:</b></i> Gieo trồng ngô vào thời điểm thích hợp để tránh các điều kiện thuận lợi cho sự phát triển của bệnh.</br></br> <i><b>Bước 4. Vệ sinh đồng ruộng:</b></i> Loại bỏ và tiêu hủy tàn dư cây trồng từ vụ trước để giảm sự tồn tại của mầm bệnh qua mùa đông.</br></br> <i><b>Bước 5. Giống kháng bệnh:</b></i> Chọn và trồng các giống ngô đã được chứng minh là có khả năng kháng hoặc chịu đựng tốt các loại bệnh đốm lá phổ biến trong khu vực. Việc sử dụng giống kháng bệnh giúp giảm mức độ nghiêm trọng của bệnh.</br></br> <i><b>Bước 6. Thuốc diệt nấm:</b></i> Có thể áp dụng thuốc diệt nấm để kiểm soát các ca bệnh nặng và bảo vệ cây trồng khỏi bị hư hại thêm. Nên phun thuốc theo hướng phòng ngừa hoặc điều trị dựa trên diễn biến bệnh và điều kiện thời tiết.</br></br> <i><b>Bước 7. Tham khảo chuyên gia nông nghiệp địa phương:</b></i> Hoặc dịch vụ khuyến nông để xác định các loại thuốc diệt nấm phù hợp với từng bệnh đốm lá cụ thể đang ảnh hưởng đến ruộng ngô của bạn. Làm theo khuyến cáo về thời điểm và liều lượng sử dụng.</br></br> <i><b>Bước 8. Luân phiên các nhóm thuốc khác nhau:</b></i> Nhằm giảm nguy cơ kháng thuốc của nấm bệnh.</br></br> <i><b>Bước 9. Quản lý dịch hại tổng hợp (IPM):</b></i> Thực hiện chiến lược IPM toàn diện kết hợp nhiều kỹ thuật khác nhau như biện pháp canh tác, theo dõi và sử dụng thuốc diệt nấm một cách có mục tiêu, nhằm quản lý hiệu quả bệnh đốm lá ngô đồng thời giảm thiểu tác động đến môi trường.</br></br> Những bước này cung cấp một khuôn khổ vững chắc để quản lý bệnh đốm lá trên cây ngô, đồng thời thúc đẩy sức khỏe tổng thể của cây trồng."
9,Lá : Ngô <br> Bệnh : Bệnh gỉ sắt thông thường,"Bệnh rỉ sắt thông thường, có tên khoa học là Puccinia sorghi, là một bệnh nấm phổ biến trên cây ngô (Zea mays). Đây là một trong những bệnh dễ nhận biết và phổ biến nhất trên cây ngô. Nếu không kiểm soát, bệnh có thể gây giảm năng suất đáng kể, nhưng có thể giảm thiểu tác hại bằng các biện pháp quản lý phù hợp. Triệu chứng: Bệnh xuất hiện dưới dạng các mụn nhỏ, hình tròn đến bầu dục trên lá, thân và bẹ ngô. Ban đầu, các mụn này có màu xanh nhạt hoặc vàng, sau đó chuyển sang màu nâu và có bề mặt bụi do bào tử màu rỉ sắt được phát tán. Nhiễm nặng có thể dẫn đến các vùng lá bị vàng (cháy lá) và trong trường hợp nghiêm trọng có thể làm lá chết sớm.","<b>Gợi ý:</b> Giống kháng bệnh: Trồng các giống ngô đã được lai tạo để có khả năng kháng bệnh rỉ sắt thông thường. Các giống kháng bệnh ít có nguy cơ bị nhiễm nặng.</br></br> <i><b>Bước 1. Luân canh cây trồng:</b></i> Thực hiện luân canh đúng cách để giảm sự tích tụ mầm bệnh trong đất. Tránh trồng ngô liên tục nhiều năm trên cùng một cánh đồng.</br></br> <i><b>Bước 2. Gieo trồng đúng thời điểm:</b></i> Ưu tiên gieo trồng sớm để cây có thể phát triển và chín trước khi bệnh rỉ sắt trở nên phổ biến hơn vào cuối mùa vụ.</br></br> <i><b>Bước 3. Thuốc diệt nấm:</b></i> Trong trường hợp áp lực bệnh cao hoặc không có giống kháng bệnh, có thể xem xét sử dụng thuốc diệt nấm. Tham khảo chuyên gia nông nghiệp địa phương để được tư vấn loại thuốc phù hợp và thời điểm phun hợp lý.</br></br> <i><b>Bước 4. Quản lý dinh dưỡng:</b></i> Duy trì mức độ dinh dưỡng hợp lý trong đất vì cây khỏe mạnh sẽ có khả năng kháng bệnh tốt hơn. Cung cấp đầy đủ đạm, lân và kali giúp tăng sức sống cho cây.</br></br> <i><b>Bước 5. Khoảng cách trồng và tỉa cây:</b></i> Trồng ngô với khoảng cách hợp lý để tạo sự thông thoáng và giảm độ ẩm xung quanh cây. Điều này giúp hạn chế sự phát triển và lây lan của nấm.</br></br> <i><b>Bước 6. Loại bỏ và tiêu hủy tàn dư cây bị nhiễm:</b></i> Nhằm ngăn ngừa nấm bệnh tồn tại qua mùa đông.</br></br> <i><b>Bước 7. Theo dõi và giám sát:</b></i> Thường xuyên kiểm tra ruộng ngô để phát hiện sớm các dấu hiệu nhiễm rỉ sắt. Phát hiện sớm giúp triển khai biện pháp quản lý hiệu quả hơn.</br></br> <i><b>Bước 8. Biện pháp canh tác:</b></i> Tránh tưới quá mức vì có thể tạo điều kiện thuận lợi cho bệnh phát triển. Ưu tiên áp dụng các biện pháp giúp hạn chế độ ẩm trên lá.</br></br> <i><b>Bước 9. Kiểm soát sinh học:</b></i> Một số vi sinh vật có lợi có thể giúp ức chế nấm rỉ sắt và các loại nấm bệnh khác. Cân nhắc sử dụng thuốc trừ nấm sinh học chứa các vi sinh vật này.</br></br> Những bước này mang lại phương pháp toàn diện để quản lý bệnh rỉ sắt và duy trì ruộng ngô khỏe mạnh."
10,Lá : Ngô </br> Bệnh : Đốm Lá Phía Bắc  ,"Bệnh bạc lá ngô phương bắc (NCLB) là do nấm Setosphaeria turcica gây ra. Các triệu chứng thường xuất hiện đầu tiên trên các lá phía dưới. Các tổn thương lá dài (1 đến 6 inch) và hình elip, ban đầu có màu xanh xám nhưng sau đó chuyển sang màu xám nhạt hoặc rám nắng. Trong điều kiện ẩm ướt, bào tử màu xám sẫm được tạo ra, thường ở bề mặt lá phía dưới, khiến tổn thương có màu xám ""bẩn"". Toàn bộ lá trên cây bị tàn phá nghiêm trọng có thể chết, vì vậy không thể nhìn thấy các tổn thương riêng lẻ. Các tổn thương có thể xảy ra ở vỏ ngoài của tai, nhưng nhân không bị nhiễm trùng. Trên các giống lai có chứa gen Ht để kháng nấm, tổn thương nhỏ hơn, bị úa vàng và có thể phát triển thành các vệt tuyến tính. Những tổn thương này hiếm khi tạo ra bào tử.","<b>Gợi ý:</b> Quản lý bệnh bao gồm sự kết hợp giữa các biện pháp canh tác, hóa học và phòng ngừa. Dưới đây là một số phương pháp phổ biến để kiểm soát và điều trị:</br></br> <i><b>Tỉa cành:</b></i> Việc sử dụng thuốc diệt nấm giúp giảm thiệt hại do bệnh cháy lá phía Bắc trên cây ngô và bảo vệ năng suất. Giá trị của thuốc diệt nấm cao hơn ở các giống ngô dễ nhiễm bệnh. Thuốc diệt nấm phát huy hiệu quả cao nhất khi được sử dụng ngay khi bệnh bắt đầu xuất hiện. Thời điểm khởi phát bệnh có thể khác nhau tùy theo giai đoạn phát triển của cây, vì vậy cần xác định đúng thời điểm để phun thuốc diệt nấm."
11,Lá : Ngô </br> Tình trạng: Khỏe mạnh  ,"Cây ngô ưa nhiệt độ ban ngày từ 24–27°C và ban đêm từ 18–21°C. Đất nên được giữ ẩm đều nhưng không sũng nước và chỉ cần bón phân mỗi 6 tháng một lần. Dù cây dracaena (một loại cây cảnh) có thể chịu được điều kiện ánh sáng yếu, nhưng chúng phát triển tốt nhất khi được đặt ở nơi có ánh sáng mạnh nhưng gián tiếp. Việc cây có một vài lá vàng là hiện tượng tự nhiên và không đáng lo. Tuy nhiên, nếu cây xuất hiện nhiều lá vàng cùng lúc (khoảng 5–6 lá), có thể bạn đã tưới quá nhiều nước hoặc cây đang thiếu ánh sáng.","<b>Gợi ý:</b> Việc chăm sóc cây ngô khỏe mạnh đòi hỏi cung cấp dinh dưỡng đúng cách. Dưới đây là một số bước quan trọng:</br></br> <i><b>Bước 1. Chọn đất:</b></i> Chọn loại đất giàu dinh dưỡng và thoát nước tốt để trồng ngô.</br></br> <i><b>Bước 2. Chuẩn bị đất:</b></i> Dọn sạch cỏ dại và xới đất trước khi gieo hạt.</br></br> <i><b>Bước 3. Gieo hạt:</b></i> Gieo hạt ngô vào mùa xuân sau khi đất đã đủ ấm. Đảm bảo có đủ khoảng cách giữa các hạt để cây có không gian phát triển.</br></br> <i><b>Bước 4. Cung cấp nước:</b></i> Cây ngô cần đủ nước, đặc biệt trong giai đoạn đầu phát triển. Tưới nước đều và tránh để đất bị khô.</br></br> <i><b>Bước 5. Bón phân:</b></i> Sử dụng phân bón chứa các chất dinh dưỡng như đạm, lân và kali để thúc đẩy sự phát triển của cây.</br></br> <i><b>Bước 6. Kiểm tra sâu bệnh:</b></i> Theo dõi sự xuất hiện của sâu bệnh và xử lý kịp thời.</br></br> <i><b>Bước 7. Làm đất:</b></i> Nếu cần, xới đất để giảm áp lực cỏ dại và tạo điều kiện thuận lợi cho cây ngô.</br></br> <i><b>Bước 8. Chăm sóc thường xuyên:</b></i> Theo dõi tình trạng cây ngô, làm cỏ và giữ khu vực xung quanh cây sạch sẽ.</br></br> <i><b>Bước 9. Thu hoạch:</b></i> Thu hoạch khi hạt ngô đã chín và sẵn sàng.</br></br> <i><b>Bước 10. Luân canh cây trồng:</b></i> Để duy trì sự đa dạng dinh dưỡng trong đất, hãy luân canh ngô với các loại cây trồng khác.</br></br> Những bước này cung cấp hướng dẫn toàn diện để trồng và quản lý ngô thành công."
12,Lá : Nho </br> Bệnh : Thối Đen  ,"Bệnh thối đen (Black rot) do nấm Guignardia bidwellii gây ra là một bệnh nấm nghiêm trọng ảnh hưởng đến cây nho (Vitis spp.). Nếu không được quản lý đúng cách, bệnh có thể gây thiệt hại nặng nề cho mùa nho. Bệnh chủ yếu tấn công lá, quả và cành non của cây nho, làm giảm sản lượng và chất lượng trái nho. Triệu chứng: Lá: Xuất hiện các đốm tròn màu nâu đến đen với quầng vàng xung quanh. Khi bệnh tiến triển, phần giữa của đốm bệnh có thể rụng, tạo thành hình dạng ""lỗ đạn"". Quả: Trái nhiễm bệnh có các đốm tròn, lõm xuống, màu nâu đến đen. Các đốm này có thể nứt và sau đó phủ đầy các cấu trúc tạo bào tử nhỏ màu đen. Cành non: Xuất hiện các vết bệnh kéo dài, có ranh giới rõ ràng. Vùng bị bệnh có thể hoại tử và dẫn đến hiện tượng chết cành.","<b>Gợi ý:</b> Quản lý bằng Chaetomium là một phương pháp điều trị bệnh thực vật. Đây là một loại thuốc kháng nấm và kháng khuẩn giúp kiểm soát và ngăn chặn sự phát triển của mầm bệnh trên cây trồng.</br></br> <i><b>Bước 1. Biện pháp canh tác:</b></i> Tỉa cành nho để tăng lưu thông không khí và ánh sáng xuyên qua tán lá, giúp giảm độ ẩm và làm chậm sự lây lan của bệnh.</br></br> <i><b>Bước 2. Loại bỏ và tiêu hủy cây bị nhiễm:</b></i> Bao gồm lá, quả và cành tỉa để tránh nấm tồn tại qua mùa đông.</br></br> <i><b>Bước 3. Giữ sạch vùng quanh gốc cây nho:</b></i> Dọn sạch tàn dư để giảm áp lực bệnh.</br></br> <i><b>Bước 4. Tỉa và làm thưa:</b></i> Tỉa vào mùa nghỉ để loại bỏ các cành bị nhiễm, giúp giảm mầm bệnh cho vụ sau.</br></br> <i><b>Bước 5. Làm thưa chùm nho:</b></i> Nhằm cải thiện lưu thông không khí và giảm nguy cơ bệnh phát triển trong chùm.</br></br> <i><b>Bước 6. Thuốc diệt nấm:</b></i> Áp dụng thuốc như một phần của chiến lược quản lý tổng hợp. Sử dụng thuốc phòng ngừa, đặc biệt trong điều kiện ẩm ướt.</br></br> <i><b>Bước 7. Tham khảo chuyên gia:</b></i> Nhờ các chuyên gia nông nghiệp địa phương tư vấn thuốc phù hợp và thời điểm sử dụng.</br></br> <i><b>Bước 8. Giống kháng bệnh:</b></i> Trồng các giống nho đã được lai tạo để kháng bệnh thối đen. Giống kháng thường ít bị nhiễm và cần ít thuốc hơn.</br></br> <i><b>Bước 9. Quản lý tán lá:</b></i> Đào tạo và tỉa cây để tán lá thông thoáng, tăng ánh sáng và lưu thông gió, hạn chế điều kiện ẩm cho nấm phát triển.</br></br> <i><b>Bước 10. Vệ sinh:</b></i> Loại bỏ và tiêu hủy các quả khô còn sót lại sau thu hoạch vì đó là nguồn mầm bệnh.</br></br> <i><b>Bước 11. Giám sát thường xuyên:</b></i> Kiểm tra nho thường xuyên để phát hiện sớm bệnh thối đen và xử lý kịp thời.</br></br> <i><b>Bước 12. Cây phủ đất và quản lý cỏ dại:</b></i> Dùng cây phủ và kiểm soát cỏ để giảm độ ẩm trong vườn nho, hạn chế bệnh phát triển.</br></br> Những bước này mang đến cách tiếp cận toàn diện trong việc kiểm soát bệnh thối đen trên cây nho."
13,Lá : Nho </br> Bệnh : Bệnh Esca | Sởi Đen  ,"Bệnh sởi nho còn được gọi là esca, sởi đen hoặc sởi Tây Ban Nha, từ lâu đã gây khó khăn cho những người trồng nho với biểu hiện khó hiểu của các triệu chứng và trong một thời gian dài, thiếu (các) sinh vật nguyên nhân có thể xác định được. Tên 'sởi' đề cập đến các đốm bề mặt được tìm thấy trên quả (Hình 1). Trong mùa, các đốm có thể kết dính trên bề mặt da, làm cho quả mọng có màu đen. Đốm có thể phát triển bất cứ lúc nào từ khi đậu quả và vài ngày trước khi thu hoạch. Quả mọng bị ảnh hưởng khi đậu quả có xu hướng không trưởng thành và sẽ teo lại và khô héo. Ngoài đốm, trái cây bị ảnh hưởng vào cuối vụ cũng sẽ có vị chát. Các triệu chứng của lá được đặc trưng bởi mô hình 'sọc hổ' (Hình 2-lá đáy) khi nhiễm trùng nghiêm trọng từ năm này sang năm khác. Nhiễm trùng nhẹ có thể tạo ra các triệu chứng lá (Hình 2-lá trên) có thể bị nhầm lẫn với các bệnh khác hoặc thiếu hụt dinh dưỡng.","<b>Gợi ý:</b> Quản lý và kiểm soát bệnh kết hợp các biện pháp canh tác, hóa học và phòng ngừa. Dưới đây là một số phương pháp thường được sử dụng để kiểm soát và điều trị:</br></br> <i><b>Tỉa cành:</b></i> Cho đến hiện tại chưa có phương pháp kiểm soát hiệu quả bệnh này. Hãy loại bỏ các quả, lá và thân bị nhiễm và tiêu hủy chúng. Bảo vệ vết tỉa bằng keo trám vết thương (5% axit boric trong sơn acrylic), tinh dầu hoặc thuốc diệt nấm phù hợp để ngăn ngừa nhiễm nấm."
14,Lá : Nho </br> Bệnh : Thối Vi Khuẩn Cây Nho  ,"Bệnh thối vi khuẩn (còn gọi là ung thư vi khuẩn) là bệnh do nhiều loài vi khuẩn khác nhau gây ra, ảnh hưởng đến các loại cây dây leo như nho và các cây khác trong vườn nho. Bệnh này có thể gây tổn thất kinh tế nghiêm trọng cả về sản lượng và chất lượng trái. Triệu chứng thường gặp: Lá: Xuất hiện các vết đốm có nước, ban đầu màu xanh sau chuyển nâu hoặc đen, có hình dạng không đều và quầng trong suốt quanh mép. Cành non: Cành bị héo, lá chuyển vàng và nâu, cuối cùng có thể chết ngược từ ngọn. Quả: Trái bị nhiễm có vết lõm màu nâu/đen, có thể nứt và biến dạng, làm giảm chất lượng. Thân: Một số vi khuẩn gây ra vết loét trên vỏ, trũng xuống, bề mặt nứt nẻ. Loét lan rộng có thể làm gián đoạn việc vận chuyển nước và dưỡng chất, gây chết cành. Dịch nhầy: Vết nhiễm có thể tiết ra dịch vi khuẩn (hỗn hợp vi khuẩn và nhựa cây), thấy rõ tại các vết thương, loét. Vi khuẩn thường xâm nhập qua cây giống nhiễm bệnh, dụng cụ, thiết bị, hay nước bắn. Điều kiện nóng ẩm tạo điều kiện lý tưởng cho bệnh phát triển.","<b>Gợi ý:</b> Việc quản lý và điều trị bệnh bạc lá vi khuẩn trên cây nho bao gồm nhiều chiến lược:</br></br> <i><b>Bước 1. Vệ sinh:</b></i> Thực hiện vệ sinh tốt bằng cách loại bỏ và tiêu hủy các phần cây bị nhiễm bệnh để ngăn lây lan.</br></br> <i><b>Bước 2. Tỉa cành:</b></i> Tỉa các cành, vết loét bị bệnh vào mùa nghỉ để giảm lượng vi khuẩn tồn tại.</br></br> <i><b>Bước 3. Phun thuốc gốc đồng:</b></i> Thuốc diệt nấm chứa đồng giúp kiểm soát bệnh bạc lá. Phun định kỳ theo khuyến cáo để phòng ngừa.</br></br> <i><b>Bước 4. Giống kháng bệnh:</b></i> Trồng giống nho kháng bệnh giúp giảm nguy cơ nhiễm và giảm nhu cầu thuốc.</br></br> <i><b>Bước 5. Quản lý dịch rỉ vi khuẩn:</b></i> Loại bỏ kịp thời những phần cây tiết dịch vi khuẩn để giảm nguồn bệnh.</br></br> <i><b>Bước 6. Tránh tưới nước trên cao:</b></i> Tránh làm ướt lá vì nước bắn có thể phát tán vi khuẩn. Ưu tiên tưới nhỏ giọt.</br></br> <i><b>Bước 7. IPM – Quản lý dịch hại tổng hợp:</b></i> Áp dụng chiến lược toàn diện kết hợp biện pháp canh tác, giống kháng và hóa chất để kiểm soát hiệu quả.</br></br> Lưu ý rằng bệnh vi khuẩn khó kiểm soát khi đã lây lan nên phòng bệnh và can thiệp sớm là rất quan trọng. Nếu nghi ngờ cây bị nhiễm bệnh, hãy liên hệ chuyên gia hoặc trung tâm khuyến nông địa phương để được tư vấn."
15,Lá : Nho </br> Tình trạng: Khỏe mạnh  ,"Chỉ tưới nước vào vùng rễ. Tránh làm ướt lá nho vì điều này có thể thúc đẩy nhiều loại bệnh. Giảm tưới nước cho cây nho non vào mùa thu để cây thích nghi, hóa gỗ chuẩn bị cho mùa đông. Cây nho trưởng thành hiếm khi cần tưới, trừ khi trồng trên đất cát hoặc đất thoát nước quá tốt.","<b>Gợi ý:</b> Để chăm sóc cây nho khỏe mạnh và đảm bảo nhận đủ dinh dưỡng, bạn nên thực hiện các bước sau:</br></br> <i><b>Bước 1. Chọn vị trí phù hợp:</b></i> Ưu tiên nơi có nắng và thông thoáng để cây nhận đủ ánh sáng và không bị ẩm ướt quá mức.</br></br> <i><b>Bước 2. Chăm sóc đất:</b></i> Đảm bảo đất trồng nho có độ pH từ 6–7 và giàu hữu cơ. Cải tạo đất bằng phân bón hữu cơ và khoáng.</br></br> <i><b>Bước 3. Tưới nước:</b></i> Tưới đều nhưng tránh ngập úng. Giai đoạn ra hoa và kết trái cần nhiều nước hơn.</br></br> <i><b>Bước 4. Bón phân:</b></i> Dùng phân chuyên dụng cho nho vào đầu xuân và sau khi cây ra hoa.</br></br> <i><b>Bước 5. Tỉa cành:</b></i> Tỉa bỏ cành yếu, non, tạo tán hợp lý giúp phát triển quả tốt.</br></br> <i><b>Bước 6. Kiểm tra sâu bệnh:</b></i> Theo dõi thường xuyên để phát hiện sâu bệnh sớm và xử lý kịp thời.</br></br> <i><b>Bước 7. Thu hoạch đúng thời điểm:</b></i> Thu hoạch khi nho chín để đảm bảo chất lượng.</br></br> <i><b>Bước 8. Bảo quản trái:</b></i> Sau thu hoạch, bảo quản nho ở nhiệt độ và độ ẩm thích hợp để tránh hư hỏng.</br></br> <i><b>Bước 9. Phủ gốc:</b></i> Sử dụng lớp phủ để giữ ẩm, ngăn cỏ dại và bảo vệ rễ khỏi nhiệt độ cao.</br></br> Các bước này giúp bạn chăm sóc vườn nho hiệu quả và đảm bảo mùa thu hoạch thành công."
16,Lá : Cam </br> Bệnh : Vàng Lá Greening | Bệnh Greening (Huanglongbing)  ,"Bệnh vàng lá gân xanh ở cam (Citrus greening disease hay HLB) là bệnh do một tác nhân truyền qua môi giới côn trùng gây ra. Bệnh được nhận biết qua triệu chứng vàng gân lá và các mô lân cận, sau đó là các đốm loang lổ trên toàn bộ lá, rụng lá sớm, cành chết ngược, rễ con và rễ ngang bị mục, cây suy yếu dần và cuối cùng là chết. Cây bị bệnh còi cọc, ra hoa trái mùa (đa số hoa rụng), quả nhỏ, méo mó, vỏ dày, nhạt màu và đáy quả vẫn xanh, vị rất đắng. Triệu chứng dễ bị nhầm với thiếu dinh dưỡng, nhưng điểm khác biệt là: thiếu dinh dưỡng thường vàng lá đối xứng theo gân, trong khi HLB thì vàng bất đối xứng quanh gân lá. Triệu chứng dễ thấy nhất là quả bị xanh, nhỏ, còi cọc, nhất là sau khi chín.","<b>Gợi ý:</b> Quản lý và kết hợp các biện pháp canh tác, kiểm soát hóa học và phòng ngừa. Dưới đây là một số phương pháp thường được sử dụng để kiểm soát và điều trị:</br></br> <i><b>Tỉa cây:</b></i> Cách duy nhất để ngăn chặn sự lây lan của bệnh vàng lá Greening trên cây có múi là kiểm soát rầy chổng cánh châu Á (ACP). Vì cây có múi là loại cây phổ biến và được trồng rộng rãi trong vườn, các hộ gia đình chính là tuyến đầu trong cuộc chiến quan trọng này. Phun thuốc trừ sâu sinh học Neem oil lên cây chanh, bao gồm cả mặt trên và mặt dưới của lá. Bạn có thể cần lặp lại sau 10–14 ngày tùy thuộc vào mức độ nhiễm bệnh. Sau đó, xử lý nấm mốc bằng thuốc diệt nấm đồng dạng lỏng (liquid copper fungicide)."
17,Lá : Đào </br> Bệnh : Đốm Vi Khuẩn Trên Cây Đào  ,"Bệnh đốm vi khuẩn trên đào do vi khuẩn Xanthomonas arboricola pv. pruni gây ra, là một bệnh nghiêm trọng trên cây đào và xuân đào. Nó cũng có thể ảnh hưởng đến các cây ăn quả hạch khác như mận và anh đào. Bệnh này có thể gây thiệt hại kinh tế lớn do làm hỏng quả và lá. Triệu chứng: Quả: Xuất hiện các đốm nhỏ, tròn đến không đều trên bề mặt, lõm vào, có thể có dạng ướt khi trời ẩm. Lá: Lá có thể xuất hiện các vết đốm góc cạnh, nhỏ, có dạng ướt. Khi bệnh nặng, các đốm chuyển nâu, gây rụng lá. Cành non: Có thể có vết bệnh gây chết ngọn hoặc ảnh hưởng đến sinh trưởng. Nứt và biến dạng quả: Trái bị nhiễm có thể nứt, méo mó và nhỏ hơn. Bệnh lây lan qua nước mưa, gió, và thiết bị nhiễm khuẩn. Thời tiết nóng ẩm đặc biệt thuận lợi cho bệnh phát triển.","<b>Gợi ý:</b> Quản lý và điều trị bệnh đốm vi khuẩn trên cây đào bao gồm nhiều chiến lược khác nhau:</br></br> <i><b>Bước 1. Vệ sinh:</b></i> Tỉa và loại bỏ các bộ phận cây bị nhiễm bệnh để giảm nguồn vi khuẩn. Tỉa thưa tán cây cũng giúp cải thiện lưu thông không khí, từ đó ngăn ngừa sự phát triển của bệnh.</br></br> <i><b>Bước 2. Giống kháng bệnh:</b></i> Trồng các giống đào đã được lai tạo để kháng bệnh đốm vi khuẩn. Các giống này ít bị bệnh hơn và có thể cần ít thuốc bảo vệ thực vật hơn.</br></br> <i><b>Bước 3. Phun thuốc chứa đồng:</b></i> Có thể sử dụng thuốc diệt nấm chứa đồng như biện pháp phòng ngừa trong mùa ngủ đông hoặc trước các đợt mưa để kiểm soát bệnh.</br></br> <i><b>Bước 4. Phun thuốc diệt khuẩn:</b></i> Phun các loại thuốc diệt khuẩn thích hợp hoặc thuốc chứa đồng trong suốt mùa sinh trưởng dựa trên mức độ nghiêm trọng của bệnh và điều kiện thời tiết. Tuân theo lịch và liều lượng khuyến nghị.</br></br> <i><b>Bước 5. Tỉa cành:</b></i> Tỉa cây để duy trì tán thoáng, giúp lưu thông không khí tốt, giảm độ ẩm và nguy cơ phát triển bệnh đốm vi khuẩn.</br></br> <i><b>Bước 6. Tránh tưới nước từ trên cao:</b></i> Hạn chế làm ướt lá và quả bằng cách dùng hệ thống tưới nhỏ giọt hoặc phương pháp tưới khác.</br></br> <i><b>Bước 7. Quản lý dịch hại tổng hợp (IPM):</b></i> Áp dụng phương pháp IPM toàn diện kết hợp kỹ thuật canh tác, giống kháng bệnh, kiểm soát hóa học và giám sát.</br></br> <i><b>Bước 8. Phát hiện sớm:</b></i> Theo dõi cây thường xuyên để phát hiện triệu chứng và dấu hiệu bệnh sớm, từ đó can thiệp kịp thời.</br></br> Lưu ý rằng vi khuẩn có thể phát triển khả năng kháng thuốc theo thời gian, việc sử dụng lặp lại một loại thuốc có thể làm giảm hiệu quả. Do đó, nên luân phiên các nhóm thuốc và tham khảo ý kiến chuyên gia địa phương để có chiến lược quản lý phù hợp."
18,Lá : Đào </br> Tình trạng: Khỏe mạnh  ,"Cây đào phát triển tốt ở các vùng khí hậu USDA từ vùng 5 đến 8 hoặc 9. Chúng có dạng lùn hoặc tiêu chuẩn, rất phù hợp để trồng trong vườn nhà. Không giống như nhiều cây cảnh, cây đào cần được cắt tỉa, bón phân và phun thuốc định kỳ để duy trì sức khỏe và năng suất. Giữ vùng đất quanh gốc cây không có cỏ dại cạnh tranh nước và chất dinh dưỡng, và phủ gốc bằng lớp mùn dày.","<b>Gợi ý:</b> Để chăm sóc cây đào khỏe mạnh, bạn cần thực hiện các bước sau:</br></br> <i><b>Bước 1. Chọn vị trí trồng:</b></i> Chọn nơi có đủ ánh sáng mặt trời, ít nhất 6–8 giờ mỗi ngày và thoát nước tốt.</br></br> <i><b>Bước 2. Chăm sóc đất:</b></i> Đảm bảo đất thông thoáng và giàu dinh dưỡng. Có thể bón phân hữu cơ vào đất trước khi trồng.</br></br> <i><b>Bước 3. Tưới nước:</b></i> Cung cấp nước đều đặn và tránh ngập úng. Cây đào thích độ ẩm ổn định.</br></br> <i><b>Bước 4. Phân bón:</b></i> Sử dụng phân bón có chứa khoáng chất và vi lượng thiết yếu, đặc biệt là loại dành cho cây ăn quả, vào mùa xuân và hè.</br></br> <i><b>Bước 5. Cắt tỉa:</b></i> Cắt bỏ cành non, cành chết, và cành mọc sát đất để thúc đẩy cây phát triển.</br></br> <i><b>Bước 6. Phòng trừ sâu bệnh:</b></i> Sử dụng thuốc bảo vệ thực vật nếu cần, và kiểm tra thường xuyên để phát hiện sâu bệnh kịp thời.</br></br> <i><b>Bước 7. Bảo vệ đất:</b></i> Sử dụng lớp phủ hữu cơ để giữ ẩm, giảm cỏ dại, và bảo vệ rễ khỏi nhiệt độ cao.</br></br> <i><b>Bước 8. Thu hoạch đúng thời điểm:</b></i> Khi quả đào chín hoàn toàn, hãy thu hoạch để đảm bảo hương vị ngon nhất.</br></br> <i><b>Bước 9. Hỗ trợ cành quả:</b></i> Sử dụng giá đỡ hoặc dây đỡ để hỗ trợ cành có quả nếu cần thiết.</br></br> <i><b>Bước 10. Theo dõi thường xuyên:</b></i> Kiểm tra cây đào thường xuyên để phát hiện sớm vấn đề và điều chỉnh biện pháp chăm sóc nếu cần.</br></br> Thực hiện các bước này sẽ giúp đảm bảo cây đào khỏe mạnh và đạt năng suất cao."
19,Lá : Ớt </br> Bệnh : Đốm Vi Khuẩn  ,"Bệnh đốm vi khuẩn trên ớt do vi khuẩn Xanthomonas spp. gây ra là một bệnh phổ biến và gây thiệt hại nặng cho cây ớt (Capsicum spp.). Bệnh này làm giảm chất lượng và sản lượng trái, đặc biệt phát triển nhanh trong điều kiện nóng ẩm. Triệu chứng: Lá: Xuất hiện các đốm nhỏ có nước, ban đầu trong suốt rồi chuyển nâu hoặc đen, có quầng vàng xung quanh. Khi các vết bệnh lan rộng và kết hợp lại, có thể gây hoại tử diện rộng và rụng lá. Quả: Trái bị nhiễm có các đốm sần sùi, xù xì, mép không đều, đôi khi bị lõm và mất màu. Trường hợp nặng có thể khiến trái nứt và biến dạng.","<b>Gợi ý:</b> Quản lý và điều trị bệnh đốm vi khuẩn trên cây ớt bao gồm kết hợp biện pháp canh tác, giống kháng bệnh và phun thuốc diệt nấm:</br></br> <i><b>Bước 1. Trồng giống kháng bệnh:</b></i> Chọn giống ớt có khả năng kháng bệnh đốm vi khuẩn. Những giống này ít bị nhiễm bệnh nghiêm trọng hơn.</br></br> <i><b>Bước 2. Luân canh cây trồng:</b></i> Thực hiện luân canh để giảm sự tích tụ vi khuẩn trong đất. Tránh trồng ớt hoặc cây họ cà liên tục ở cùng một vị trí.</br></br> <i><b>Bước 3. Vệ sinh đồng ruộng:</b></i> Loại bỏ và tiêu hủy tàn dư cây bệnh và cây ớt mọc tự phát sau thu hoạch để ngăn vi khuẩn tồn tại qua mùa.</br></br> <i><b>Bước 4. Vệ sinh dụng cụ:</b></i> Làm sạch và khử trùng dụng cụ để tránh lây lan mầm bệnh.</br></br> <i><b>Bước 5. Quản lý nước tưới:</b></i> Tránh tưới nước từ trên cao vì nước bắn có thể làm lây lan bệnh. Sử dụng tưới nhỏ giọt hoặc các phương pháp giữ lá khô.</br></br> <i><b>Bước 6. Giãn cách và tỉa cành:</b></i> Trồng ớt cách nhau hợp lý để tăng lưu thông không khí và giảm độ ẩm trong tán cây.</br></br> <i><b>Bước 7. Tỉa lá thấp:</b></i> Tỉa bớt lá thấp để tăng lưu thông không khí và giảm nguy cơ phát triển bệnh.</br></br> <i><b>Bước 8. Phun thuốc chứa đồng:</b></i> Thuốc chứa đồng có thể giúp kiểm soát bệnh đốm vi khuẩn. Nên sử dụng như biện pháp phòng ngừa, đặc biệt trong thời tiết ẩm ướt.</br></br> <i><b>Bước 9. Tuân thủ hướng dẫn sử dụng:</b></i> Làm theo hướng dẫn của nhà sản xuất về liều lượng và thời điểm phun thuốc.</br></br> <i><b>Bước 10. Biện pháp sinh học:</b></i> Một số vi khuẩn và nấm có lợi có thể cạnh tranh với vi khuẩn gây bệnh. Cân nhắc sử dụng chế phẩm sinh học để hỗ trợ kiểm soát bệnh.</br></br> <i><b>Bước 11. Gốc ghép kháng bệnh:</b></i> Một số giống ớt dễ nhiễm bệnh ở phần thân trên nhưng có gốc ghép kháng bệnh. Ghép cành giống nhạy cảm lên gốc kháng bệnh có thể giúp bảo vệ cây.</br></br> <i><b>Bước 12. Quản lý tổng hợp IPM:</b></i> Áp dụng phương pháp IPM toàn diện bao gồm biện pháp canh tác, giống kháng bệnh, kiểm soát hóa học và giám sát để đạt hiệu quả cao nhất.</br></br> Thực hiện các bước này sẽ giúp kiểm soát hiệu quả bệnh đốm vi khuẩn trên cây ớt."
20,Lá : Ớt </br> Tình trạng: Khỏe mạnh  ,"Giữ cho cây ớt chuông đủ nước, nhưng không để đất bị sũng. Tưới nước sao cho đất ẩm sâu khoảng 15 cm, rồi để khô nhẹ trước khi tưới lại. Việc tưới nước đều rất quan trọng trong giai đoạn ra trái (khi hoa rụng và trái hình thành) và khi trái đang lớn. Độ ẩm ổn định giúp trái chắc và khỏe mạnh.","<b>Gợi ý:</b> Để chăm sóc cây ớt khỏe mạnh và đảm bảo cây phát triển tốt, cho năng suất cao, bạn cần thực hiện các bước dinh dưỡng sau:</br></br> <i><b>Bước 1. Chọn đất phù hợp:</b></i> Chọn khu vực có đất tơi xốp, thoáng khí, giàu chất hữu cơ và có pH trung tính (từ 6.0 đến 7.0) để trồng cây ớt.</br></br> <i><b>Bước 2. Chăm sóc đất:</b></i> Làm sạch cỏ dại xung quanh gốc cây để tránh cạnh tranh dinh dưỡng. Bón phân hữu cơ để cải thiện độ tơi xốp và dinh dưỡng cho đất.</br></br> <i><b>Bước 3. Tưới nước hợp lý:</b></i> Cung cấp nước đều đặn và tránh tưới quá nhiều, đặc biệt trong giai đoạn ra hoa và kết trái.</br></br> <i><b>Bước 4. Bón phân đúng cách:</b></i> Sử dụng phân bón chứa các khoáng chất thiết yếu cho cây ớt như đạm, lân, kali và magiê. Tuân thủ đúng liều lượng và thời gian bón.</br></br> <i><b>Bước 5. Bảo vệ thực vật:</b></i> Bảo vệ cây khỏi sâu bệnh bằng cách sử dụng thuốc bảo vệ thực vật và kỹ thuật phòng trừ hợp lý.</br></br> <i><b>Bước 6. Tạo bóng râm:</b></i> Cây ớt cần ánh sáng mặt trời, nhưng cũng cần bóng mát để tránh ánh nắng gay gắt.</br></br> <i><b>Bước 7. Tạo khung phát triển:</b></i> Dùng cọc hoặc dây treo để đỡ cây trong quá trình phát triển.</br></br> <i><b>Bước 8. Thu hoạch đúng thời điểm:</b></i> Thu hoạch ớt khi quả đã chín đỏ hoặc vàng tùy loại.</br></br> <i><b>Bước 9. Bảo quản đúng cách:</b></i> Bảo quản ớt ở nhiệt độ thích hợp và kiểm tra định kỳ để tránh hư hỏng.</br></br> <i><b>Bước 10. Chăm sóc tỉ mỉ:</b></i> Theo dõi cây ớt hàng ngày để phát hiện và xử lý vấn đề sớm.</br></br> Tuân thủ các bước trên sẽ giúp đảm bảo sức khỏe và năng suất của cây ớt."
21,Lá : Khoai Tây </br> Bệnh : Sớm Bị Cháy Lá  ,"Bệnh sớm (Early blight), do nấm Alternaria solani gây ra, là một bệnh phổ biến và gây hại nghiêm trọng cho cây khoai tây (Solanum tuberosum). Bệnh có thể làm giảm năng suất và chất lượng củ nếu không được quản lý đúng cách. Bệnh phát triển mạnh trong điều kiện ấm và ẩm, có thể lây lan nhanh chóng trong ruộng khoai tây. Triệu chứng: Trên lá: Lá khoai tây bị nhiễm bệnh sẽ xuất hiện các đốm tròn đến hình dạng không đều, có các vòng tròn đồng tâm. Các vết bệnh thường có màu nâu với viền sẫm và quầng vàng xung quanh. Khi các vết bệnh lan rộng, chúng có thể hợp lại gây rụng lá, làm cây yếu đi. Trên củ: Củ khoai tây cũng có thể bị nhiễm bệnh sớm. Các củ bị bệnh có những vết lõm nông, màu sẫm, bề mặt thô ráp. Những vết này có thể dẫn đến thối và làm giảm khả năng bảo quản.","<b>Gợi ý:</b> Quản lý và điều trị bệnh bao gồm sự kết hợp giữa các biện pháp canh tác, giống kháng bệnh và việc sử dụng thuốc trừ nấm:</br></br> <i><b>Bước 1. Luân canh cây trồng:</b></i> Thực hành luân canh cây trồng để giảm sự tích tụ mầm bệnh trong đất. Tránh trồng khoai tây hoặc các cây họ hàng tại cùng một vị trí trong nhiều vụ liên tiếp.</br></br> <i><b>Bước 2. Vệ sinh:</b></i> Loại bỏ và tiêu hủy tất cả tàn dư cây trồng bị bệnh sau thu hoạch để ngăn nấm tồn tại qua mùa đông. Vệ sinh và khử trùng thiết bị, dụng cụ, thùng chứa để tránh lây lan bệnh.</br></br> <i><b>Bước 3. Giống kháng bệnh:</b></i> Chọn các giống khoai tây có khả năng kháng hoặc ít mẫn cảm với bệnh sớm. Giống kháng bệnh giúp giảm mức độ nghiêm trọng của bệnh.</br></br> <i><b>Bước 4. Mật độ trồng và lưu thông không khí:</b></i> Trồng khoai tây với khoảng cách hợp lý để tạo điều kiện thông thoáng trong tán cây. Lưu thông không khí tốt giúp giảm độ ẩm và làm chậm sự phát triển của bệnh.</br></br> <i><b>Bước 5. Thuốc trừ nấm:</b></i> Có thể sử dụng thuốc trừ nấm như một phần trong chiến lược quản lý bệnh tổng hợp. Phun thuốc phòng ngừa, đặc biệt trong thời kỳ độ ẩm và mưa cao. Tham khảo ý kiến chuyên gia nông nghiệp địa phương để lựa chọn loại thuốc và thời gian phun phù hợp.</br></br> <i><b>Bước 6. Phun thuốc chứa đồng:</b></i> Thuốc trừ nấm chứa đồng có thể giúp quản lý bệnh sớm. Tuân theo liều lượng và thời điểm phun được khuyến cáo.</br></br> <i><b>Bước 7. Quản lý dinh dưỡng:</b></i> Duy trì mức độ dinh dưỡng cân bằng trong đất để cây phát triển khỏe mạnh. Tránh bón quá nhiều đạm, vì điều này có thể kích thích cây phát triển tán lá rậm rạp, dễ nhiễm bệnh hơn.</br></br> Những bước này rất quan trọng để quản lý hiệu quả bệnh sớm trên cây khoai tây. Áp dụng một cách tiếp cận toàn diện kết hợp các biện pháp này sẽ giúp giảm tỷ lệ nhiễm bệnh và duy trì sức khỏe cây trồng."
22,Lá : Khoai Tây </br> Bệnh : Cháy Lá Muộn  ,"Bệnh mốc sương (Potato blight), còn gọi là bệnh mốc muộn (late blight) hoặc Phytophthora infestans, là một bệnh cực kỳ nguy hiểm trên khoai tây và cà chua. Tác nhân gây bệnh là loại nấm thủy sinh (oomycete) Phytophthora infestans. Bệnh nổi tiếng với khả năng gây thất thu mùa màng nghiêm trọng, đặc biệt trong điều kiện thời tiết ấm và ẩm. Bệnh từng là nguyên nhân chính gây ra Nạn đói lớn ở Ireland vào những năm 1840. Triệu chứng: Trên lá: Xuất hiện các đốm không đều, sũng nước. Các đốm lan nhanh, chuyển nâu hoặc đen, thường có vẻ ""nhờn"" khi trời ẩm. Trên thân và cuống lá: Xuất hiện các vết bệnh làm thân chuyển màu sẫm và yếu đi. Trên củ: Vết bệnh có màu sẫm, rắn, bề mặt sần sùi, có thể lan vào bên trong thịt củ gây thối. Sợi nấm trắng: Trong điều kiện ẩm, nấm mọc như lớp mốc trắng trên mặt dưới lá và cả trên củ. Lây lan nhanh: Bào tử sinh sản (sporangia) phát tán qua gió hoặc nước mưa khiến bệnh lan rộng nhanh chóng.","<b>Gợi ý:</b> Quản lý và điều trị bệnh mốc sương trên khoai tây bao gồm sự kết hợp giữa các biện pháp canh tác, giống kháng bệnh và việc sử dụng thuốc trừ nấm:</br></br> <i><b>Bước 1. Thuốc trừ nấm:</b></i> Thuốc trừ nấm thường được sử dụng để kiểm soát bệnh mốc sương. Phun thuốc phòng ngừa để bảo vệ cây khỏi bị nhiễm bệnh, đặc biệt trong thời kỳ bệnh có nguy cơ cao. Một số loại thuốc cần được áp dụng theo lịch định kỳ.</br></br> <i><b>Bước 2. Giống kháng bệnh:</b></i> Trồng các giống khoai tây đã được lai tạo để kháng bệnh mốc sương. Những giống này ít bị nhiễm bệnh hơn và có thể giúp giảm nhu cầu sử dụng thuốc trừ nấm.</br></br> <i><b>Bước 3. Vệ sinh:</b></i> Loại bỏ và tiêu hủy các phần cây bị nhiễm bệnh, bao gồm cả củ, để giảm nguồn lây bệnh.</br></br> <i><b>Bước 4. Luân canh cây trồng:</b></i> Luân canh khoai tây với các cây trồng không phải ký chủ để phá vỡ chu kỳ phát triển của bệnh và giảm sự tích tụ mầm bệnh trong đất.</br></br> <i><b>Bước 5. Thu hoạch đúng thời điểm:</b></i> Thu hoạch khoai tây trước khi vết bệnh phát triển trên củ. Nếu có vết bệnh, chúng có thể gây ra các vấn đề trong bảo quản và làm củ bị thối.</br></br> <i><b>Bước 6. Giám sát:</b></i> Thường xuyên kiểm tra ruộng khoai tây để phát hiện sớm các triệu chứng của bệnh mốc sương. Việc phát hiện sớm giúp xử lý kịp thời.</br></br> <i><b>Bước 7. Biện pháp canh tác:</b></i> Trồng cây với mật độ hợp lý và duy trì sức khỏe cây để giảm độ ẩm trong tán lá và hạn chế điều kiện thuận lợi cho sự phát triển của bệnh.</br></br> Lưu ý rằng bệnh mốc sương là một bệnh rất nghiêm trọng, có thể lây lan nhanh và gây thiệt hại lớn về năng suất. Phản ứng nhanh chóng và kết hợp nhiều biện pháp phòng ngừa là chìa khóa để kiểm soát hiệu quả bệnh. Việc tham khảo ý kiến của các dịch vụ khuyến nông hoặc chuyên gia địa phương là rất quan trọng để xây dựng kế hoạch quản lý phù hợp với điều kiện từng vùng."
23,Lá : Khoai Tây </br> Tình trạng: Khỏe mạnh  ,"Khoai tây cần độ ẩm ổn định để phát triển, vì vậy hãy tưới nước thường xuyên mỗi ngày khi củ bắt đầu hình thành. Khi tưới, nước cần thấm sâu khoảng 20–25 cm vào đất. Trong mùa nóng, nên tưới lượng nước lớn hai lần mỗi ngày vì đất khô nhanh.","<b>Gợi ý:</b> Quản lý và điều trị kết hợp giữa các biện pháp canh tác, kiểm soát hóa học và các biện pháp phòng ngừa. Dưới đây là một số phương pháp thường được sử dụng để kiểm soát và điều trị:</br></br> <i><b>Tỉa bớt:</b></i>Giàu dưỡng chất. Chứa chất chống oxy hóa. Khoai tây chứa nhiều hợp chất như flavonoid, carotenoid và axit phenolic.</br> Có thể giúp kiểm soát lượng đường trong máu. Có thể cải thiện sức khỏe tiêu hóa. Tự nhiên không chứa gluten. Rất no bụng. Cực kỳ linh hoạt trong chế biến."
24,Lá : Phúc Bồn Tử </br> Tình trạng: Khỏe mạnh  ,"Tưới nước khoảng 2,5 cm mỗi tuần từ mùa xuân cho đến sau thu hoạch. Việc tưới đều đặn hiệu quả hơn là tưới nhiều nhưng thưa. Dọn sạch các chồi phụ (“suckers”) hoặc thân mọc lệch khỏi hàng cây mâm xôi để tránh cạnh tranh dinh dưỡng và đảm bảo năng suất quả mùa sau.","<b>Gợi ý:</b> Quản lý và điều trị kết hợp giữa các biện pháp canh tác, kiểm soát hóa học và các biện pháp phòng ngừa. Dưới đây là một số phương pháp thường được sử dụng để kiểm soát và điều trị:</br></br> <i><b>Tỉa bớt:</b></i>Khoai tây cung cấp kali, cần thiết cho chức năng tim và đã được chứng minh là giúp hạ huyết áp. Axit béo omega-3 trong quả mâm xôi có thể giúp ngăn ngừa đột quỵ và bệnh tim. Chúng cũng chứa một khoáng chất gọi là mangan, rất cần thiết cho xương và da khỏe mạnh, đồng thời giúp điều hòa lượng đường trong máu."
25,Lá : Đậu Nành </br> Tình trạng: Khỏe mạnh  ,Giữ cho đất trồng đậu tương luôn ẩm đều cho đến khi cây vươn lên khỏi mặt đất. Tưới nước đều đặn trong giai đoạn ra hoa và hình thành quả. Tránh tưới từ trên cao vì có thể làm hoa và quả non rụng. Phủ rơm rạ khi đất ấm trên 16°C để giữ ẩm.,"<b>Gợi ý:</b> Quản lý và điều trị kết hợp giữa các biện pháp canh tác, kiểm soát hóa học và các biện pháp phòng ngừa. Dưới đây là một số phương pháp thường được sử dụng để kiểm soát và điều trị:</br></br> <i><b>Tỉa bớt:</b></i>giàu chất xơ<br> giàu protein<br> ít chất béo bão hòa<br> không chứa cholesterol<br> không chứa lactose<br> nguồn cung cấp axit béo omega-3<br> nguồn cung cấp chất chống oxy hóa<br> giàu phytoestrogen."
26,Lá : Bí Ngòi </br> Bệnh : Bệnh Mốc Sương Trên Lá Bí  ,"Bệnh phấn trắng (Powdery mildew) là một bệnh nấm phổ biến, gây ảnh hưởng cho nhiều loại cây trồng, đặc biệt là các loại bí. Bệnh do các loài nấm thuộc chi Podosphaera và Erysiphe gây ra, có thể ảnh hưởng đến sức khỏe cây, giảm năng suất và chất lượng quả. Triệu chứng: Lớp phủ trắng như bột: Dấu hiệu rõ nhất là lớp bột trắng trên lá, thân và đôi khi cả quả – chính là hệ sợi và bào tử nấm. Lá quăn: Lá có thể bị cong, biến dạng do nấm phát triển. Cây chậm lớn: Nhiễm nặng khiến cây kém phát triển. Giảm quang hợp: Lớp nấm che lá làm giảm hiệu suất quang hợp. Rụng lá sớm: Lá bị vàng, nâu rồi rụng – làm cây yếu thêm. Bệnh phát triển mạnh trong điều kiện ấm, khô nhưng độ ẩm không khí cao, và lây lan qua bào tử trong không khí.","<b>Gợi ý:</b> Quản lý và điều trị bệnh phấn trắng trên bí bao gồm nhiều chiến lược khác nhau:</br></br> <i><b>Bước 1. Thuốc trừ nấm:</b></i> Sử dụng thuốc trừ nấm như một biện pháp phòng ngừa hoặc ngay khi phát hiện triệu chứng đầu tiên. Thuốc trừ nấm có thể giúp kiểm soát sự lây lan của bệnh. Luân phiên giữa các nhóm thuốc trừ nấm khác nhau để giảm nguy cơ kháng thuốc.</br></br> <i><b>Bước 2. Giống kháng bệnh:</b></i> Chọn các giống bí đã được biết đến là có khả năng kháng hoặc chịu đựng bệnh phấn trắng. Cây kháng bệnh thường ít bị ảnh hưởng nghiêm trọng.</br></br> <i><b>Bước 3. Biện pháp canh tác:</b></i> Trồng cây với khoảng cách hợp lý để tăng lưu thông không khí và giảm độ ẩm trong tán lá. Tỉa và loại bỏ các lá bị nhiễm nặng để hạn chế lây lan.</br></br> <i><b>Bước 4. Phương pháp hữu cơ:</b></i> Nếu bạn ưu tiên các phương pháp hữu cơ hoặc thân thiện với môi trường, hãy xem xét sử dụng sản phẩm có gốc lưu huỳnh, dầu neem hoặc các loại thuốc trừ nấm hữu cơ được phê duyệt khác.</br></br> <i><b>Bước 5. Thời điểm tưới nước:</b></i> Tưới nước trực tiếp vào gốc cây thay vì tưới lên lá. Lá ướt sẽ thúc đẩy nấm phát triển, vì vậy tránh làm ướt lá là điều cần thiết.</br></br> <i><b>Bước 6. Theo dõi:</b></i> Thường xuyên kiểm tra cây bí để phát hiện dấu hiệu bệnh phấn trắng. Phát hiện sớm giúp can thiệp kịp thời.</br></br> <i><b>Bước 7. Quản lý dịch hại tổng hợp (IPM):</b></i> Áp dụng phương pháp IPM kết hợp nhiều kỹ thuật khác nhau như biện pháp canh tác và sử dụng thuốc trừ nấm để quản lý hiệu quả bệnh phấn trắng.</br></br> Hãy nhớ rằng hiệu quả điều trị có thể thay đổi tùy theo mức độ nghiêm trọng của bệnh, điều kiện thời tiết và kỹ thuật canh tác địa phương. Bạn nên cập nhật thông tin điều trị phù hợp với khu vực và tham khảo ý kiến từ chuyên gia nông nghiệp địa phương để có giải pháp phù hợp."
27,Lá : Dâu Tây </br> Bệnh : Cháy Lá Dâu Tây  ,"Bệnh đốm lá dâu tằm, do nấm Phyllactinia corylea gây ra, là một bệnh nấm phổ biến trên cây dâu (Morus spp.). Bệnh chủ yếu tấn công lá, gây ảnh hưởng đến sức sống và hình thức cây. Mặc dù không gây chết cây, bệnh có thể làm rụng lá và giảm năng suất quả. Triệu chứng: Lớp phấn trắng: Trên mặt trên của lá xuất hiện lớp phủ trắng gồm sợi nấm và bào tử. Lá biến dạng: Lá bị nhiễm bệnh thường cong, nhăn hoặc bị biến dạng. Giảm quang hợp: Lớp nấm ảnh hưởng đến khả năng hấp thu ánh sáng. Rụng lá sớm: Lá có thể vàng, nâu và rụng sớm. Ảnh hưởng quả: Trong trường hợp nặng, quả cũng bị ảnh hưởng, gây sạm hoặc giảm chất lượng. Bệnh phát triển trong môi trường ẩm, ấm và lây qua bào tử theo gió hoặc nước mưa.","<b>Gợi ý:</b> Bệnh cháy lá dâu tằm phát triển mạnh trong điều kiện ẩm ướt và ấm áp, có thể lây lan qua bào tử phát tán theo gió hoặc nước bắn. Bệnh đặc biệt phổ biến ở những vùng có độ ẩm cao.</br></br> Quản lý và điều trị bệnh cháy lá dâu tằm bao gồm các chiến lược sau:</br></br> <i><b>Bước 1. Cắt tỉa và vệ sinh:</b></i> Cắt bỏ và loại bỏ các lá và cành bị bệnh để giảm sự lây lan. Việc xử lý đúng cách các phần cây bị nhiễm bệnh rất quan trọng.</br></br> <i><b>Bước 2. Biện pháp canh tác:</b></i> Duy trì sự lưu thông không khí tốt quanh cây dâu tằm bằng cách trồng giãn cách và cắt tỉa hợp lý. Điều này giúp giảm độ ẩm và làm chậm sự phát triển của bệnh.</br></br> <i><b>Bước 3. Thuốc trừ nấm:</b></i> Sử dụng thuốc trừ nấm khi bắt đầu có triệu chứng hoặc như một biện pháp phòng ngừa, đặc biệt trong thời kỳ độ ẩm cao. Tham khảo ý kiến chuyên gia địa phương để chọn thuốc phù hợp và lịch phun hiệu quả.</br></br> <i><b>Bước 4. Trồng giống kháng bệnh:</b></i> Khi có thể, hãy chọn các giống dâu tằm ít bị nhiễm bệnh cháy lá.</br></br> <i><b>Bước 5. Dọn sạch vào mùa thu:</b></i> Dọn sạch lá rụng và tàn dư thực vật quanh gốc cây vào mùa thu để giảm lượng bào tử nấm tồn lưu qua mùa đông.</br></br> <i><b>Bước 6. Tránh tưới nước trên cao:</b></i> Tưới nước trực tiếp vào gốc thay vì tưới lên lá để tránh làm lá bị ướt – điều kiện thuận lợi cho bệnh phát triển.</br></br> <i><b>Bước 7. Quản lý dịch hại tổng hợp (IPM):</b></i> Áp dụng phương pháp IPM toàn diện bao gồm các biện pháp canh tác, giám sát và sử dụng thuốc trừ nấm có chọn lọc để kiểm soát bệnh cháy lá hiệu quả.</br></br> Thường xuyên kiểm tra cây dâu tằm để phát hiện triệu chứng sớm và có biện pháp xử lý kịp thời. Nếu nghi ngờ cây bị bệnh cháy lá, nên tham khảo ý kiến chuyên gia làm vườn hoặc cơ quan khuyến nông địa phương để được tư vấn cụ thể."
28,Lá : Dâu Tây </br> Tình trạng: Khỏe mạnh  ,"Chọn nơi có nhiều ánh sáng cho cây vì chúng rất cần ánh nắng. Ưu tiên vị trí có nắng buổi sáng. Nếu trồng trong chậu, nên di chuyển cây theo hướng ánh sáng trong ngày. Cây cần nhiều nước, nhất là khi đang ra quả – tưới nước mỗi ngày vào buổi sáng, tránh làm ướt lá để phòng bệnh. Bảo vệ cây khỏi gió mạnh và thời tiết khắc nghiệt. Tuy cần nắng, nhưng ánh nắng gắt giữa trưa có thể gây hại. Kiểm tra thoát nước của chậu. Làm sạch cỏ dại. Bón phân cân đối (10-10-10, 12-12-12...), tuân theo hướng dẫn vì thừa phân sẽ làm giảm năng suất và kích thích ra nhiều nhánh bò (runners).","<b>Gợi ý:</b> Để chăm sóc cây dâu tây khỏe mạnh, bạn cần thực hiện các bước sau:</br></br> <i><b>Bước 1. Chọn đất phù hợp:</b></i> Dâu tây thích đất tơi xốp, giàu dinh dưỡng và thoát nước tốt. Hãy đảm bảo đất không bị ứ nước.</br></br> <i><b>Bước 2. Chọn giống tốt:</b></i> Chọn cây giống chất lượng từ nguồn đáng tin cậy để đảm bảo sinh trưởng khỏe mạnh.</br></br> <i><b>Bước 3. Cung cấp ánh sáng:</b></i> Dâu tây cần ít nhất 6-8 giờ ánh sáng mặt trời mỗi ngày. Có thể sử dụng lưới che nắng nếu cần.</br></br> <i><b>Bước 4. Tưới nước hợp lý:</b></i> Dâu tây cần đủ nước nhưng tránh tưới quá nhiều. Tưới vào buổi sáng và tránh tưới lên lá để phòng bệnh nấm.</br></br> <i><b>Bước 5. Bón phân đều đặn:</b></i> Sử dụng phân hữu cơ hoặc vô cơ phù hợp để cung cấp các chất dinh dưỡng như đạm, kali và lân.</br></br> <i><b>Bước 6. Làm cỏ:</b></i> Dọn cỏ quanh gốc cây để giảm cạnh tranh dinh dưỡng và nước.</br></br> <i><b>Bước 7. Kiểm tra sâu bệnh:</b></i> Theo dõi thường xuyên để phát hiện và xử lý sâu bệnh kịp thời.</br></br> <i><b>Bước 8. Sử dụng lớp phủ:</b></i> Phủ một lớp mỏng rơm hoặc mùn trên mặt đất để giữ ẩm và hạn chế cỏ dại.</br></br> <i><b>Bước 9. Thu hoạch hợp lý:</b></i> Thu hoạch dâu tây khi quả chín đều, nhẹ nhàng để tránh làm hỏng cây.</br></br> Thực hiện các bước trên sẽ giúp bạn duy trì vườn dâu tây khỏe mạnh và cho năng suất cao."
29,Lá : Cà Chua </br> Bệnh : Đốm Vi Khuẩn  ,"Bệnh đốm vi khuẩn trên cà chua là một bệnh nghiêm trọng, có thể làm quả mất giá trị thương mại và khiến cây chết nếu bệnh nặng. Bệnh phổ biến ở vùng khí hậu ấm, ẩm hoặc trong nhà kính – đặc biệt thường gặp ở bang Wisconsin, Mỹ. Bệnh ảnh hưởng đến tất cả bộ phận trên mặt đất của cây: lá, thân và quả. Triệu chứng: Trên lá: Các đốm tròn nhỏ (< 6 mm), đôi khi sũng nước, ban đầu màu xanh-vàng, sau đó chuyển nâu-đỏ. Lá vàng và rụng: Khi bệnh nặng, lá vàng, héo và rụng nhiều. Trên quả xanh: Xuất hiện đốm nhỏ, nhô lên như phồng rộp, có thể có quầng vàng. Trên quả chín: Vết bệnh mở rộng (tối đa ~6 mm), chuyển nâu, sần sùi, có thể lõm hoặc nhô lên viền.","<b>Gợi ý:</b> Để chăm sóc cây cà rốt khỏe mạnh, bạn có thể thực hiện các bước sau:</br></br> <i><b>Bước 1. Chọn đất phù hợp:</b></i> Cà rốt cần đất tơi xốp, sâu, thoát nước tốt và không có đá sỏi. Độ pH đất từ 6.0 đến 6.8 là tốt nhất.</br></br> <i><b>Bước 2. Gieo trồng đúng cách:</b></i> Gieo hạt trực tiếp xuống đất ở độ sâu khoảng 1–2 cm. Giữ khoảng cách giữa các hàng từ 20–30 cm để cây phát triển tốt.</br></br> <i><b>Bước 3. Tưới nước đều đặn:</b></i> Cà rốt cần độ ẩm ổn định để phát triển rễ thẳng và đều. Tránh tưới quá nhiều gây úng hoặc tưới không đều khiến rễ bị nứt.</br></br> <i><b>Bước 4. Bón phân hợp lý:</b></i> Sử dụng phân chuồng hoai mục hoặc phân hữu cơ. Hạn chế phân đạm quá mức vì có thể khiến rễ bị phân nhánh.</br></br> <i><b>Bước 5. Làm cỏ và xới đất:</b></i> Thường xuyên làm cỏ để giảm cạnh tranh dinh dưỡng. Xới đất nhẹ quanh gốc giúp rễ phát triển tốt hơn.</br></br> <i><b>Bước 6. Tỉa cây:</b></i> Khi cây có 2–3 lá thật, tỉa bớt cây con để mỗi cây cách nhau khoảng 5–8 cm.</br></br> <i><b>Bước 7. Phòng trừ sâu bệnh:</b></i> Theo dõi các loại sâu hại như sâu khoang, rệp và tuyến trùng. Sử dụng biện pháp sinh học hoặc thuốc bảo vệ thực vật an toàn khi cần.</br></br> <i><b>Bước 8. Thu hoạch đúng thời điểm:</b></i> Cà rốt thường thu hoạch sau 70–100 ngày tùy giống. Khi phần đầu rễ nhô lên mặt đất và có màu cam đậm là lúc thích hợp thu hoạch.</br></br> Tuân thủ các bước trên sẽ giúp bạn trồng cà rốt hiệu quả, cho năng suất cao và chất lượng tốt."
30,Lá : Cà Chua </br> Bệnh : Cháy Lá Sớm  ,"Bệnh sớm trên cà chua, do nấm Alternaria solani gây ra, là một bệnh phổ biến và gây hại nghiêm trọng cho cây cà chua (Solanum lycopersicum). Nếu không được kiểm soát, bệnh có thể làm giảm năng suất và chất lượng quả. Bệnh phát triển mạnh trong điều kiện ấm và ẩm, với triệu chứng đặc trưng trên lá và quả. Triệu chứng: Trên lá: Xuất hiện các đốm nhỏ, tròn hoặc không đều, có vòng đồng tâm như ""mắt bò"". Đốm bắt đầu sẫm màu, lớn dần, phần giữa khô và có thể rụng, tạo lỗ trên lá. Lá vàng và rụng sớm. Trên quả: Ít gặp hơn nhưng có thể xuất hiện các đốm sẫm có vòng tròn đồng tâm giống như trên lá. Những vết này ảnh hưởng đến chất lượng và có thể dẫn đến thối quả.","<b>Gợi ý:</b> Rệp muội là loài côn trùng gây hại phổ biến trên nhiều loại cây trồng, bao gồm dâu tây, cà chua, bí, và nhiều loại rau màu khác. Dưới đây là các bước kiểm soát rệp muội:</br></br> <i><b>Bước 1. Kiểm tra thường xuyên:</b></i> Quan sát mặt dưới lá và ngọn non để phát hiện sớm rệp muội, vì chúng thường tập trung ở đó.</br></br> <i><b>Bước 2. Dùng nước để xịt rửa:</b></i> Dùng vòi nước mạnh xịt trực tiếp vào nơi có rệp để loại bỏ chúng khỏi cây.</br></br> <i><b>Bước 3. Dùng thiên địch:</b></i> Khuyến khích hoặc thả các loài thiên địch như bọ rùa, ong ký sinh và bọ mắt vàng để kiểm soát rệp tự nhiên.</br></br> <i><b>Bước 4. Sử dụng dầu neem:</b></i> Phun dầu neem (neem oil) pha loãng lên cây giúp xua đuổi và tiêu diệt rệp mà không gây hại cho cây.</br></br> <i><b>Bước 5. Dùng xà phòng diệt côn trùng:</b></i> Dung dịch xà phòng sinh học có thể được phun lên cây để tiêu diệt rệp mà không gây hại cho môi trường.</br></br> <i><b>Bước 6. Loại bỏ lá bị nhiễm:</b></i> Cắt bỏ lá quá nhiều rệp để hạn chế lây lan.</br></br> <i><b>Bước 7. Sử dụng thuốc hóa học (nếu cần):</b></i> Khi mật độ rệp quá cao, có thể dùng thuốc trừ rệp phù hợp nhưng cần tuân thủ đúng liều lượng và thời gian cách ly.</br></br> Áp dụng kết hợp nhiều biện pháp sẽ giúp bạn kiểm soát hiệu quả rệp muội trên cây trồng."
31,Lá : Cà Chua </br> Bệnh : Cháy Lá Muộn  ,"Bệnh mốc sương do loài nấm thủy sinh Phytophthora infestans gây ra. Nấm thủy sinh (oomycete), còn gọi là nấm nước, là nhóm sinh vật giống nấm nhưng không phải là nấm thật. Có nhiều chủng khác nhau của P. infestans, gọi là các dòng vô tính (clonal lineages), thường được đặt tên theo mã số (ví dụ: US-23). Nhiều dòng có thể gây bệnh trên cả cà chua và khoai tây, nhưng cũng có dòng chỉ tấn công một loại cây. Mốc sương là bệnh rất nguy hiểm trên cà chua và khoai tây, có thể gây hại trên lá, thân và quả. Bệnh lây lan nhanh ngoài đồng ruộng và có thể gây mất trắng nếu không được xử lý. Bệnh mốc sương từng là nguyên nhân chính dẫn đến Nạn đói lớn ở Ireland vào cuối những năm 1840.","<b>Gợi ý:</b> Nấm mốc trắng (Sclerotinia sclerotiorum) là loại bệnh gây hại nghiêm trọng trên cây rau và cây công nghiệp. Dưới đây là cách xử lý:</br></br> <i><b>Bước 1. Loại bỏ cây bệnh:</b></i> Nhổ bỏ và tiêu hủy ngay cây bị nhiễm để tránh lây lan qua đất và không khí.</br></br> <i><b>Bước 2. Cải tạo đất:</b></i> Luân canh với cây không mẫn cảm với nấm mốc trắng như ngô, lúa để giảm áp lực bệnh trong đất.</br></br> <i><b>Bước 3. Phun thuốc trừ nấm:</b></i> Sử dụng các loại thuốc trừ nấm đặc trị như boscalid, fluazinam, hoặc iprodione theo khuyến cáo kỹ thuật.</br></br> <i><b>Bước 4. Giữ vệ sinh vườn:</b></i> Làm sạch tàn dư cây trồng, tránh để vật liệu phân hủy trong ruộng.</br></br> <i><b>Bước 5. Điều chỉnh mật độ cây:</b></i> Trồng thưa để tăng lưu thông không khí, hạn chế điều kiện ẩm ướt tạo điều kiện cho nấm phát triển.</br></br> <i><b>Bước 6. Tưới nước hợp lý:</b></i> Tránh tưới quá nhiều hoặc tưới từ trên cao làm tăng độ ẩm lá và đất mặt.</br></br> Việc kiểm soát nấm mốc trắng cần thực hiện sớm, kiên trì và kết hợp nhiều biện pháp để đạt hiệu quả tốt nhất."
32,Lá : Cà Chua </br> Bệnh : Mốc Lá  ,"Bệnh mốc lá cà chua là bệnh nấm xuất hiện khi lá bị ướt kéo dài và độ ẩm tương đối cao (trên 85%). Do yêu cầu về độ ẩm cao, bệnh thường gặp trong nhà màng hoặc nhà kính. Bệnh có thể phát triển ở nhiệt độ đầu xuân (~10°C) hoặc trong mùa hè (~32°C), nhưng phát triển tốt nhất ở khoảng 21–23°C. Triệu chứng: Trên lá: Xuất hiện các đốm vàng trên mặt trên của lá. Mặt dưới lá: Có các mảng bào tử màu xanh ô liu, dễ nhìn thấy.","<b>Gợi ý:</b> Bệnh thối rễ thường do nấm hoặc vi khuẩn gây ra, làm rễ cây mục nát, mất khả năng hút nước và chất dinh dưỡng. Để xử lý:</br></br> <i><b>Bước 1. Đào kiểm tra rễ:</b></i> Nhẹ nhàng đào kiểm tra tình trạng rễ. Rễ thối thường mềm, có màu nâu đen, mùi hôi.</br></br> <i><b>Bước 2. Cắt bỏ rễ bệnh:</b></i> Dùng dao sắc để cắt bỏ phần rễ bị hư thối. Có thể nhúng phần rễ còn lại vào dung dịch thuốc nấm trước khi trồng lại.</br></br> <i><b>Bước 3. Thay đất:</b></i> Nếu trồng chậu, hãy thay hoàn toàn đất mới, đảm bảo thoát nước tốt. Nếu trồng ngoài ruộng, cải tạo đất bằng cách nâng luống, bổ sung phân hữu cơ hoai mục.</br></br> <i><b>Bước 4. Phun thuốc trừ nấm:</b></i> Sử dụng thuốc gốc đồng hoặc các hoạt chất như metalaxyl, fosetyl-Al để xử lý nấm gây thối rễ.</br></br> <i><b>Bước 5. Tưới nước hợp lý:</b></i> Không tưới quá nhiều, đảm bảo đất đủ ẩm nhưng không bị đọng nước.</br></br> <i><b>Bước 6. Bổ sung vi sinh vật có lợi:</b></i> Dùng chế phẩm sinh học chứa Trichoderma hoặc Bacillus subtilis giúp ức chế nấm gây bệnh.</br></br> Quản lý bệnh thối rễ hiệu quả đòi hỏi kết hợp cải tạo đất, chăm sóc hợp lý và phòng bệnh chủ động."
33,Lá : Cà Chua </br> Bệnh : Đốm Lá Septoria  ,"Bệnh đốm lá Septoria do nấm Septoria lycopersici gây ra là một bệnh phổ biến và gây hại trên cây cà chua (Solanum lycopersicum). Bệnh chủ yếu tấn công lá, khiến cây rụng lá sớm, giảm năng suất và làm suy yếu toàn cây nếu không kiểm soát kịp thời. Triệu chứng: Trên lá: Xuất hiện đốm tròn nhỏ có tâm sẫm và viền xám nhạt, thường có hình dạng “mắt bò” đặc trưng với quầng vàng bao quanh. Khi bệnh tiến triển, các đốm lan rộng và kết hợp lại khiến lá rụng sớm.","<b>Gợi ý:</b> Bệnh héo rũ do nấm (Fusarium, Verticillium) hoặc vi khuẩn (Ralstonia) gây ra khiến cây héo đột ngột. Cách xử lý:</br></br> <i><b>Bước 1. Nhổ bỏ cây bệnh:</b></i> Cây bị héo nặng cần nhổ bỏ và tiêu hủy để tránh lây lan.</br></br> <i><b>Bước 2. Khử trùng đất:</b></i> Sử dụng vôi bột hoặc các chế phẩm sinh học để xử lý đất vùng bị bệnh.</br></br> <i><b>Bước 3. Luân canh cây trồng:</b></i> Tránh trồng liên tục cùng một loại cây nhạy cảm với bệnh.</br></br> <i><b>Bước 4. Sử dụng giống kháng bệnh:</b></i> Lựa chọn giống có khả năng kháng Fusarium hoặc vi khuẩn gây bệnh.</br></br> <i><b>Bước 5. Phun thuốc phòng trừ:</b></i> Dùng thuốc gốc đồng, hoặc các chế phẩm sinh học như Trichoderma để ngừa nấm, vi khuẩn.</br></br> <i><b>Bước 6. Tưới tiêu hợp lý:</b></i> Tránh để đất quá ẩm hoặc ngập úng tạo điều kiện cho bệnh phát triển.</br></br> Héo rũ là bệnh khó trị dứt điểm, vì vậy cần chủ động phòng bệnh và quản lý ngay khi phát hiện triệu chứng đầu tiên."
34,Lá : Cà Chua </br> Bệnh : Nhện Đỏ | Nhện Hai Đốm  ,"Nhện đỏ hai chấm (two-spotted spider mite) là loài phổ biến nhất gây hại rau màu và cây ăn quả ở vùng New England. Chúng xuất hiện trên cà chua, cà tím, khoai tây, các loại cây dây leo như dưa gang, dưa chuột… Nhện đỏ là loài gây hại chính cho cà tím, có thể sinh sản đến 20 thế hệ mỗi năm. Chúng phát triển mạnh trong điều kiện khô, bụi và khi dư đạm. Việc sử dụng thuốc trừ sâu phổ rộng làm tiêu diệt thiên địch và dễ gây bùng phát nhện đỏ. Lưu ý: Phát hiện sớm giúp kiểm soát dễ dàng hơn.","<b>Gợi ý:</b> Bệnh đốm lá do nấm hoặc vi khuẩn gây ra khiến lá xuất hiện các vết đốm nâu, vàng hoặc đen. Cách xử lý:</br></br> <i><b>Bước 1. Cắt bỏ lá bệnh:</b></i> Loại bỏ và tiêu hủy lá bị đốm nặng để hạn chế lây lan.</br></br> <i><b>Bước 2. Cải thiện thông thoáng:</b></i> Trồng cây với mật độ hợp lý, thường xuyên tỉa bớt lá để cây thoáng khí.</br></br> <i><b>Bước 3. Không tưới nước lên lá:</b></i> Tưới gốc thay vì tưới từ trên cao để hạn chế lây lan qua nước.</br></br> <i><b>Bước 4. Phun thuốc trị bệnh:</b></i> Sử dụng thuốc trừ nấm chứa mancozeb, chlorothalonil, hoặc thuốc sinh học từ Bacillus subtilis.</br></br> <i><b>Bước 5. Bón phân cân đối:</b></i> Tránh bón quá nhiều đạm làm cây mềm yếu, dễ nhiễm bệnh.</br></br> <i><b>Bước 6. Luân canh cây trồng:</b></i> Trồng luân phiên với cây không nhiễm bệnh để giảm nguồn bệnh trong đất.</br></br> Kết hợp biện pháp canh tác và hóa học sẽ giúp kiểm soát bệnh đốm lá hiệu quả."
35,Lá : Cà Chua </br> Bệnh : Đốm Đích  ,"Bệnh bắt đầu từ lá già rồi lan lên các lá non. Dấu hiệu ban đầu là các đốm không đều (dưới 1 mm), có viền vàng. Một số đốm lớn lên đến 10 mm và có các vòng đồng tâm, vì vậy bệnh có tên gọi “đốm đích” (target spot). Triệu chứng: Đốm lan rộng sang toàn bộ lá và lá chét, làm lá vàng, héo và chết. Trên thân xuất hiện các đốm dài, hẹp. Quả có thể có các đốm nâu nhạt viền sẫm. Lây lan: Bào tử phát tán nhờ mưa và gió. Nếu thời tiết ẩm ướt và có gió vài ngày liên tiếp, bệnh lan rất nhanh và cây mất lá nghiêm trọng.","<b>Gợi ý:</b> Nhện đỏ là loài gây hại phổ biến trên rau màu, hoa và cây ăn quả. Dưới đây là cách kiểm soát:</br></br> <i><b>Bước 1. Tưới phun nước lên cây:</b></i> Nhện đỏ không thích môi trường ẩm. Phun nước làm giảm mật độ nhện trên cây.</br></br> <i><b>Bước 2. Cắt tỉa lá già:</b></i> Loại bỏ lá già và lá bị hại nặng – nơi nhện đỏ thường trú ngụ.</br></br> <i><b>Bước 3. Dùng thiên địch:</b></i> Thả bọ bắt nhện (như Phytoseiulus persimilis) để tiêu diệt nhện đỏ tự nhiên.</br></br> <i><b>Bước 4. Phun dầu khoáng hoặc dầu neem:</b></i> Những chất này bao phủ cơ thể nhện khiến chúng ngạt và chết.</br></br> <i><b>Bước 5. Sử dụng thuốc trừ nhện chuyên dụng:</b></i> Khi mật số cao, dùng thuốc chứa abamectin, fenpyroximate hoặc spiromesifen.</br></br> <i><b>Bước 6. Luân phiên thuốc:</b></i> Để tránh kháng thuốc, nên thay đổi hoạt chất sau vài lần phun.</br></br> Kiểm soát nhện đỏ hiệu quả cần phát hiện sớm và xử lý kịp thời bằng nhiều biện pháp kết hợp."
36,Lá : Cà Chua </br> Bệnh : Virus Vàng Lá Quăn Cà Chua  ,"Virus vàng xoăn lá cà chua (Tomato yellow leaf curl virus - TYLCV) là một bệnh virus nghiêm trọng, gây hại cho cà chua (Solanum lycopersicum) và các cây họ cà khác như ớt, cà tím. Đây là một trong những bệnh gây tổn thất năng suất và chất lượng nghiêm trọng nhất cho cây cà chua. Tác nhân truyền bệnh: Ruồi trắng (Bemisia tabaci), còn gọi là ruồi trắng bạc lá. Triệu chứng: Lá vàng và xoăn: Lá non bị vàng và cuốn ngược lên, viền lá cong vào. Lá dày: Lá trở nên dày, dai và giòn. Cây còi cọc: Cây chậm phát triển, đặc biệt ở giai đoạn đầu. Hoa và quả dị dạng: Quả nhỏ, méo mó, năng suất thấp. Lá bạc: Mặt trên của lá có thể có ánh bạc do lá bị biến dạng. Virus lây khi ruồi trắng chích hút cây bệnh rồi truyền sang cây khỏe. Virus cũng có thể lây qua vật liệu trồng hoặc dụng cụ bị nhiễm.","<b>Gợi ý:</b> Sâu ăn lá gây hại bằng cách gặm nhấm lá non, ảnh hưởng đến quang hợp và sinh trưởng cây. Để xử lý:</br></br> <i><b>Bước 1. Kiểm tra vườn thường xuyên:</b></i> Phát hiện sớm sâu non, trứng trên mặt dưới lá để kịp thời xử lý.</br></br> <i><b>Bước 2. Bắt sâu bằng tay:</b></i> Áp dụng cho diện tích nhỏ hoặc vườn nhà, bắt sâu vào sáng sớm hoặc chiều mát.</br></br> <i><b>Bước 3. Dùng chế phẩm sinh học:</b></i> Phun vi khuẩn Bacillus thuringiensis (Bt) – hiệu quả cao với sâu non.</br></br> <i><b>Bước 4. Dùng thuốc trừ sâu sinh học:</b></i> Spinosad, Emamectin benzoate là các loại thuốc ít độc hại, thân thiện môi trường.</br></br> <i><b>Bước 5. Thu hút thiên địch:</b></i> Giữ lại các loài ong ký sinh, chim sâu hoặc kiến giúp kiểm soát sâu tự nhiên.</br></br> <i><b>Bước 6. Xoay vòng cây trồng:</b></i> Giảm nguồn sâu tồn tại từ vụ trước.</br></br> Kiểm soát sâu ăn lá cần duy trì theo dõi và phối hợp nhiều phương pháp an toàn."
37,Lá : Cà Chua </br> Bệnh : Virus Khảm  ,"Virus khảm cà chua (Tomato mosaic virus - ToMV) và virus khảm thuốc lá (Tobacco mosaic virus - TMV) khó phân biệt. ToMV gây vàng lá, cây còi cọc, giảm mật độ cây và năng suất. Quả có thể chín không đều, làm giảm chất lượng. TMV thường phổ biến hơn trên thuốc lá, nhưng cũng có thể nhiễm trên cà chua. Triệu chứng chung: Lá có vệt sáng và tối xen kẽ (khảm). Cây nhỏ, chậm lớn, lá cong, dị dạng, nhỏ lại. Nếu nhiễm sớm, cây sẽ bị vàng và còi toàn bộ.","<b>Gợi ý:</b> Sâu đục thân, đục quả là loại gây hại nguy hiểm làm giảm năng suất cây trồng. Cách xử lý:</br></br> <i><b>Bước 1. Thăm vườn thường xuyên:</b></i> Quan sát các lỗ đục, phân sâu hoặc quả bị hư để phát hiện sớm.</br></br> <i><b>Bước 2. Thu gom và tiêu hủy quả bị hại:</b></i> Giảm nguồn sâu và ngăn lây lan.</br></br> <i><b>Bước 3. Dùng bẫy pheromone:</b></i> Bẫy dẫn dụ trưởng thành sâu đục thân hoặc đục quả để giảm mật độ.</br></br> <i><b>Bước 4. Phun chế phẩm sinh học:</b></i> Dùng Bt hoặc nấm xanh, nấm trắng để kiểm soát sâu non trong thân/quả.</br></br> <i><b>Bước 5. Dùng thuốc đặc trị:</b></i> Phun thuốc chứa Emamectin benzoate hoặc Indoxacarb đúng thời điểm sâu mới nở.</br></br> <i><b>Bước 6. Bón phân hợp lý:</b></i> Giúp cây khỏe, tăng sức chống chịu với sâu bệnh.</br></br> Kiểm soát sâu đục quả cần kiên trì và xử lý đồng bộ từ trứng, sâu non đến trưởng thành."
38,Lá : Cà Chua </br> Tình trạng: Khỏe mạnh  ,"Bón phân một tuần trước khi trồng và ngay trong ngày trồng. Cà chua đặc biệt ưa phốt pho vì giúp hình thành hoa và quả. Tránh bón quá nhiều đạm khi cây đã ra hoa vì đạm thúc đẩy lá phát triển mà làm giảm quả. Một số mẹo chăm sóc cà chua: Không trồng cây con quá sát nhau. Đảm bảo nhiều ánh sáng. Làm ấm đất trước khi trồng. Chôn sâu thân cây con để rễ phát triển mạnh. Phủ gốc sau khi đất đã ấm. Tỉa bỏ lá dưới thấp. Bấm ngọn, tỉa nhánh để có nhiều quả hơn. Tưới nước đều đặn.","<b>Gợi ý:</b> Rệp sáp gây hại bằng cách hút nhựa cây, làm cây còi cọc và truyền bệnh virus. Dưới đây là cách kiểm soát:</br></br> <i><b>Bước 1. Kiểm tra và vệ sinh cây:</b></i> Dùng khăn ướt hoặc cọ mềm lau sạch rệp sáp trên thân và lá.</br></br> <i><b>Bước 2. Cắt bỏ cành bị nặng:</b></i> Loại bỏ bộ phận có mật độ rệp cao.</br></br> <i><b>Bước 3. Phun dầu neem hoặc dầu khoáng:</b></i> Bao phủ cơ thể rệp, làm chúng ngạt và chết.</br></br> <i><b>Bước 4. Dùng thiên địch:</b></i> Bọ rùa, ong ký sinh hoặc nấm xanh có thể tiêu diệt rệp sáp hiệu quả.</br></br> <i><b>Bước 5. Phun thuốc hóa học (khi cần):</b></i> Dùng thuốc chứa dinotefuran hoặc imidacloprid, nhưng cần thay luân phiên để tránh kháng thuốc.</br></br> <i><b>Bước 6. Hạn chế kiến:</b></i> Kiến bảo vệ rệp sáp – cần xử lý kiến để thiên địch hoạt động hiệu quả hơn.</br></br> Quản lý rệp sáp hiệu quả đòi hỏi phát hiện sớm, xử lý kịp thời và kết hợp nhiều biện pháp."
